file,class,method,variable,usage
C:\Users\Acer\Desktop\GroupAssignment2-OOD\Cloned\UETool\uetool-base\src\main\java\me\ele\uetool\base\item\TitleItem.java,me.ele.uetool.base.item.TitleItem,TitleItem/1[java.lang.String],name,3
C:\Users\Acer\Desktop\GroupAssignment2-OOD\Cloned\UETool\uetool-base\src\main\java\me\ele\uetool\base\item\TitleItem.java,me.ele.uetool.base.item.TitleItem,getName/0,name,1
C:\Users\Acer\Desktop\GroupAssignment2-OOD\Cloned\UETool\app\src\main\java\me\ele\uetool\sample\CustomView.java,me.ele.uetool.sample.CustomView,getMoreAttribution/0,moreAttribution,1
C:\Users\Acer\Desktop\GroupAssignment2-OOD\Cloned\UETool\app\src\main\java\me\ele\uetool\sample\CustomView.java,me.ele.uetool.sample.CustomView,setMoreAttribution/1[java.lang.String],moreAttribution,3
C:\Users\Acer\Desktop\GroupAssignment2-OOD\Cloned\UETool\uetool\src\main\java\me\ele\uetool\UETMenu.java,me.ele.uetool.UETMenu$ReverseInterpolator,ReverseInterpolator/1[me.ele.uetool.TimeInterpolator],mWrappedInterpolator,1
C:\Users\Acer\Desktop\GroupAssignment2-OOD\Cloned\UETool\uetool\src\main\java\me\ele\uetool\UETMenu.java,me.ele.uetool.UETMenu$ReverseInterpolator,getInterpolation/1[float],mWrappedInterpolator,1
C:\Users\Acer\Desktop\GroupAssignment2-OOD\Cloned\UETool\uetool\src\main\java\me\ele\uetool\AttrsDialog.java,me.ele.uetool.AttrsDialog$Adapter$TitleViewHolder,TitleViewHolder/1[me.ele.uetool.View],vTitle,1
C:\Users\Acer\Desktop\GroupAssignment2-OOD\Cloned\UETool\uetool\src\main\java\me\ele\uetool\AttrsDialog.java,me.ele.uetool.AttrsDialog$Adapter$TitleViewHolder,bindView/1[me.ele.uetool.base.item.TitleItem],vTitle,1
C:\Users\Acer\Desktop\GroupAssignment2-OOD\Cloned\UETool\uetool-base\src\main\java\me\ele\uetool\base\DimenUtil.java,me.ele.uetool.base.DimenUtil,px2sp/1[float],CONTEXT,1
C:\Users\Acer\Desktop\GroupAssignment2-OOD\Cloned\UETool\uetool-base\src\main\java\me\ele\uetool\base\DimenUtil.java,me.ele.uetool.base.DimenUtil,getScreenHeight/0,CONTEXT,1
C:\Users\Acer\Desktop\GroupAssignment2-OOD\Cloned\UETool\uetool-base\src\main\java\me\ele\uetool\base\DimenUtil.java,me.ele.uetool.base.DimenUtil,getScreenWidth/0,CONTEXT,1
C:\Users\Acer\Desktop\GroupAssignment2-OOD\Cloned\UETool\uetool-base\src\main\java\me\ele\uetool\base\DimenUtil.java,me.ele.uetool.base.DimenUtil,getStatusBarHeight/0,CONTEXT,1
C:\Users\Acer\Desktop\GroupAssignment2-OOD\Cloned\UETool\uetool-base\src\main\java\me\ele\uetool\base\DimenUtil.java,me.ele.uetool.base.DimenUtil,dip2px/1[float],CONTEXT,1
C:\Users\Acer\Desktop\GroupAssignment2-OOD\Cloned\UETool\uetool-base\src\main\java\me\ele\uetool\base\DimenUtil.java,me.ele.uetool.base.DimenUtil,sp2px/1[float],CONTEXT,1
C:\Users\Acer\Desktop\GroupAssignment2-OOD\Cloned\UETool\uetool-base\src\main\java\me\ele\uetool\base\DimenUtil.java,me.ele.uetool.base.DimenUtil,"px2dip/2[float,boolean]",CONTEXT,1
C:\Users\Acer\Desktop\GroupAssignment2-OOD\Cloned\UETool\uetool\src\main\java\me\ele\uetool\AttrsDialog.java,me.ele.uetool.AttrsDialog,"notifyValidViewItemInserted/3[int,java.util.List<me.ele.uetool.base.Element>,me.ele.uetool.base.Element]",adapter,1
C:\Users\Acer\Desktop\GroupAssignment2-OOD\Cloned\UETool\uetool\src\main\java\me\ele\uetool\AttrsDialog.java,me.ele.uetool.AttrsDialog,notifyItemRangeRemoved/1[int],adapter,1
C:\Users\Acer\Desktop\GroupAssignment2-OOD\Cloned\UETool\uetool\src\main\java\me\ele\uetool\AttrsDialog.java,me.ele.uetool.AttrsDialog,setAttrDialogCallback/1[me.ele.uetool.AttrsDialog.AttrDialogCallback],adapter,1
C:\Users\Acer\Desktop\GroupAssignment2-OOD\Cloned\UETool\uetool\src\main\java\me\ele\uetool\AttrsDialog.java,me.ele.uetool.AttrsDialog,onCreate/1[me.ele.uetool.Bundle],adapter,1
C:\Users\Acer\Desktop\GroupAssignment2-OOD\Cloned\UETool\uetool\src\main\java\me\ele\uetool\AttrsDialog.java,me.ele.uetool.AttrsDialog,onCreate/1[me.ele.uetool.Bundle],layoutManager,1
C:\Users\Acer\Desktop\GroupAssignment2-OOD\Cloned\UETool\uetool\src\main\java\me\ele\uetool\AttrsDialog.java,me.ele.uetool.AttrsDialog,onCreate/1[me.ele.uetool.Bundle],vList,3
C:\Users\Acer\Desktop\GroupAssignment2-OOD\Cloned\UETool\uetool\src\main\java\me\ele\uetool\AttrsDialog.java,me.ele.uetool.AttrsDialog,show/1[me.ele.uetool.base.Element],adapter,1
C:\Users\Acer\Desktop\GroupAssignment2-OOD\Cloned\UETool\uetool\src\main\java\me\ele\uetool\AttrsDialog.java,me.ele.uetool.AttrsDialog,show/1[me.ele.uetool.base.Element],layoutManager,1
C:\Users\Acer\Desktop\GroupAssignment2-OOD\Cloned\UETool\uetool\src\main\java\me\ele\uetool\RegionView.java,me.ele.uetool.RegionView,onDraw/1[me.ele.uetool.Canvas],rectF,2
C:\Users\Acer\Desktop\GroupAssignment2-OOD\Cloned\UETool\uetool\src\main\java\me\ele\uetool\RegionView.java,me.ele.uetool.RegionView,onDraw/1[me.ele.uetool.Canvas],paint,1
C:\Users\Acer\Desktop\GroupAssignment2-OOD\Cloned\UETool\uetool\src\main\java\me\ele\uetool\RegionView.java,me.ele.uetool.RegionView,drawRegion/1[me.ele.uetool.RectF],rectF,3
C:\Users\Acer\Desktop\GroupAssignment2-OOD\Cloned\UETool\uetool\src\main\java\me\ele\uetool\attrdialog\AttrsDialogMultiTypePool.java,me.ele.uetool.attrdialog.AttrsDialogMultiTypePool,getItemViewBinder/1[int],binders,2
C:\Users\Acer\Desktop\GroupAssignment2-OOD\Cloned\UETool\uetool\src\main\java\me\ele\uetool\attrdialog\AttrsDialogMultiTypePool.java,me.ele.uetool.attrdialog.AttrsDialogMultiTypePool,"register/2[java.lang.Class<T>,me.ele.uetool.base.ItemViewBinder<T,?>]",binders,1
C:\Users\Acer\Desktop\GroupAssignment2-OOD\Cloned\UETool\uetool\src\main\java\me\ele\uetool\attrdialog\AttrsDialogMultiTypePool.java,me.ele.uetool.attrdialog.AttrsDialogMultiTypePool,"register/2[java.lang.Class<T>,me.ele.uetool.base.ItemViewBinder<T,?>]",classes,2
C:\Users\Acer\Desktop\GroupAssignment2-OOD\Cloned\UETool\uetool\src\main\java\me\ele\uetool\attrdialog\AttrsDialogMultiTypePool.java,me.ele.uetool.attrdialog.AttrsDialogMultiTypePool,getItemType/1[java.lang.Object],classes,1
C:\Users\Acer\Desktop\GroupAssignment2-OOD\Cloned\UETool\uetool\src\main\java\me\ele\uetool\UETMenu.java,me.ele.uetool.UETMenu,startAnim/0,vSubMenuContainer,1
C:\Users\Acer\Desktop\GroupAssignment2-OOD\Cloned\UETool\uetool\src\main\java\me\ele\uetool\UETMenu.java,me.ele.uetool.UETMenu,startAnim/0,vSubMenuContainerWidth,1
C:\Users\Acer\Desktop\GroupAssignment2-OOD\Cloned\UETool\uetool\src\main\java\me\ele\uetool\UETMenu.java,me.ele.uetool.UETMenu,startAnim/0,animator,4
C:\Users\Acer\Desktop\GroupAssignment2-OOD\Cloned\UETool\uetool\src\main\java\me\ele\uetool\UETMenu.java,me.ele.uetool.UETMenu,startAnim/0,defaultInterpolator,2
C:\Users\Acer\Desktop\GroupAssignment2-OOD\Cloned\UETool\uetool\src\main\java\me\ele\uetool\UETMenu.java,me.ele.uetool.UETMenu,getWindowLayoutParams/0,y,1
C:\Users\Acer\Desktop\GroupAssignment2-OOD\Cloned\UETool\uetool\src\main\java\me\ele\uetool\UETMenu.java,me.ele.uetool.UETMenu,getWindowLayoutParams/0,params,1
C:\Users\Acer\Desktop\GroupAssignment2-OOD\Cloned\UETool\uetool\src\main\java\me\ele\uetool\UETMenu.java,me.ele.uetool.UETMenu,"UETMenu/2[me.ele.uetool.Context,int]",subMenus,5
C:\Users\Acer\Desktop\GroupAssignment2-OOD\Cloned\UETool\uetool\src\main\java\me\ele\uetool\UETMenu.java,me.ele.uetool.UETMenu,"UETMenu/2[me.ele.uetool.Context,int]",vMenu,3
C:\Users\Acer\Desktop\GroupAssignment2-OOD\Cloned\UETool\uetool\src\main\java\me\ele\uetool\UETMenu.java,me.ele.uetool.UETMenu,"UETMenu/2[me.ele.uetool.Context,int]",vSubMenuContainer,3
C:\Users\Acer\Desktop\GroupAssignment2-OOD\Cloned\UETool\uetool\src\main\java\me\ele\uetool\UETMenu.java,me.ele.uetool.UETMenu,"UETMenu/2[me.ele.uetool.Context,int]",touchSlop,1
C:\Users\Acer\Desktop\GroupAssignment2-OOD\Cloned\UETool\uetool\src\main\java\me\ele\uetool\UETMenu.java,me.ele.uetool.UETMenu,"UETMenu/2[me.ele.uetool.Context,int]",y,3
C:\Users\Acer\Desktop\GroupAssignment2-OOD\Cloned\UETool\uetool\src\main\java\me\ele\uetool\UETMenu.java,me.ele.uetool.UETMenu,"UETMenu/2[me.ele.uetool.Context,int]",windowManager,1
C:\Users\Acer\Desktop\GroupAssignment2-OOD\Cloned\UETool\uetool\src\main\java\me\ele\uetool\UETMenu.java,me.ele.uetool.UETMenu,show/0,windowManager,1
C:\Users\Acer\Desktop\GroupAssignment2-OOD\Cloned\UETool\uetool\src\main\java\me\ele\uetool\UETMenu.java,me.ele.uetool.UETMenu,ensureAnim/0,vSubMenuContainerWidth,1
C:\Users\Acer\Desktop\GroupAssignment2-OOD\Cloned\UETool\uetool\src\main\java\me\ele\uetool\UETMenu.java,me.ele.uetool.UETMenu,ensureAnim/0,animator,4
C:\Users\Acer\Desktop\GroupAssignment2-OOD\Cloned\UETool\uetool\src\main\java\me\ele\uetool\UETMenu.java,me.ele.uetool.UETMenu,dismiss/0,windowManager,1
C:\Users\Acer\Desktop\GroupAssignment2-OOD\Cloned\UETool\uetool\src\main\java\me\ele\uetool\CollectViewsLayout.java,me.ele.uetool.CollectViewsLayout,"getTargetElement/2[float,float]",elements,2
C:\Users\Acer\Desktop\GroupAssignment2-OOD\Cloned\UETool\uetool\src\main\java\me\ele\uetool\CollectViewsLayout.java,me.ele.uetool.CollectViewsLayout,"getTargetElement/2[float,float]",childElement,2
C:\Users\Acer\Desktop\GroupAssignment2-OOD\Cloned\UETool\uetool\src\main\java\me\ele\uetool\CollectViewsLayout.java,me.ele.uetool.CollectViewsLayout,"getTargetElement/2[float,float]",parentElement,6
C:\Users\Acer\Desktop\GroupAssignment2-OOD\Cloned\UETool\uetool\src\main\java\me\ele\uetool\CollectViewsLayout.java,me.ele.uetool.CollectViewsLayout,getTextWidth/1[java.lang.String],textPaint,1
C:\Users\Acer\Desktop\GroupAssignment2-OOD\Cloned\UETool\uetool\src\main\java\me\ele\uetool\CollectViewsLayout.java,me.ele.uetool.CollectViewsLayout,onDetachedFromWindow/0,elements,1
C:\Users\Acer\Desktop\GroupAssignment2-OOD\Cloned\UETool\uetool\src\main\java\me\ele\uetool\CollectViewsLayout.java,me.ele.uetool.CollectViewsLayout,onDetachedFromWindow/0,childElement,1
C:\Users\Acer\Desktop\GroupAssignment2-OOD\Cloned\UETool\uetool\src\main\java\me\ele\uetool\CollectViewsLayout.java,me.ele.uetool.CollectViewsLayout,onDetachedFromWindow/0,parentElement,1
C:\Users\Acer\Desktop\GroupAssignment2-OOD\Cloned\UETool\uetool\src\main\java\me\ele\uetool\CollectViewsLayout.java,me.ele.uetool.CollectViewsLayout,"drawText/4[me.ele.uetool.Canvas,java.lang.String,float,float]",screenWidth,2
C:\Users\Acer\Desktop\GroupAssignment2-OOD\Cloned\UETool\uetool\src\main\java\me\ele\uetool\CollectViewsLayout.java,me.ele.uetool.CollectViewsLayout,"drawText/4[me.ele.uetool.Canvas,java.lang.String,float,float]",textBgFillingSpace,5
C:\Users\Acer\Desktop\GroupAssignment2-OOD\Cloned\UETool\uetool\src\main\java\me\ele\uetool\CollectViewsLayout.java,me.ele.uetool.CollectViewsLayout,"drawText/4[me.ele.uetool.Canvas,java.lang.String,float,float]",textBgPaint,1
C:\Users\Acer\Desktop\GroupAssignment2-OOD\Cloned\UETool\uetool\src\main\java\me\ele\uetool\CollectViewsLayout.java,me.ele.uetool.CollectViewsLayout,"drawText/4[me.ele.uetool.Canvas,java.lang.String,float,float]",screenHeight,2
C:\Users\Acer\Desktop\GroupAssignment2-OOD\Cloned\UETool\uetool\src\main\java\me\ele\uetool\CollectViewsLayout.java,me.ele.uetool.CollectViewsLayout,"drawText/4[me.ele.uetool.Canvas,java.lang.String,float,float]",textPaint,1
C:\Users\Acer\Desktop\GroupAssignment2-OOD\Cloned\UETool\uetool\src\main\java\me\ele\uetool\CollectViewsLayout.java,me.ele.uetool.CollectViewsLayout,"traverse/2[me.ele.uetool.View,java.util.List<me.ele.uetool.base.Element>]",elements,3
C:\Users\Acer\Desktop\GroupAssignment2-OOD\Cloned\UETool\uetool\src\main\java\me\ele\uetool\CollectViewsLayout.java,me.ele.uetool.CollectViewsLayout,getTextHeight/1[java.lang.String],textPaint,1
C:\Users\Acer\Desktop\GroupAssignment2-OOD\Cloned\UETool\uetool\src\main\java\me\ele\uetool\CollectViewsLayout.java,me.ele.uetool.CollectViewsLayout,createElements/1[me.ele.uetool.View],elements,1
C:\Users\Acer\Desktop\GroupAssignment2-OOD\Cloned\UETool\uetool\src\main\java\me\ele\uetool\CollectViewsLayout.java,me.ele.uetool.CollectViewsLayout,"drawLineWithText/6[me.ele.uetool.Canvas,int,int,int,int,int]",textLineDistance,2
C:\Users\Acer\Desktop\GroupAssignment2-OOD\Cloned\UETool\uetool\src\main\java\me\ele\uetool\CollectViewsLayout.java,me.ele.uetool.CollectViewsLayout,"getTargetElements/2[float,float]",elements,2
C:\Users\Acer\Desktop\GroupAssignment2-OOD\Cloned\UETool\uetool\src\main\java\me\ele\uetool\CollectViewsLayout.java,me.ele.uetool.CollectViewsLayout,"drawLineWithEndPoint/5[me.ele.uetool.Canvas,int,int,int,int]",halfEndPointWidth,8
C:\Users\Acer\Desktop\GroupAssignment2-OOD\Cloned\UETool\uetool\src\main\java\me\ele\uetool\CollectViewsLayout.java,me.ele.uetool.CollectViewsLayout,"drawLineWithEndPoint/5[me.ele.uetool.Canvas,int,int,int,int]",textPaint,5
C:\Users\Acer\Desktop\GroupAssignment2-OOD\Cloned\UETool\uetool\src\main\java\me\ele\uetool\AttrsDialog.java,me.ele.uetool.AttrsDialog$Adapter$EditTextViewHolder,EditTextViewHolder/1[me.ele.uetool.View],vName,1
C:\Users\Acer\Desktop\GroupAssignment2-OOD\Cloned\UETool\uetool\src\main\java\me\ele\uetool\AttrsDialog.java,me.ele.uetool.AttrsDialog$Adapter$EditTextViewHolder,EditTextViewHolder/1[me.ele.uetool.View],textWatcher,1
C:\Users\Acer\Desktop\GroupAssignment2-OOD\Cloned\UETool\uetool\src\main\java\me\ele\uetool\AttrsDialog.java,me.ele.uetool.AttrsDialog$Adapter$EditTextViewHolder,EditTextViewHolder/1[me.ele.uetool.View],vDetail,2
C:\Users\Acer\Desktop\GroupAssignment2-OOD\Cloned\UETool\uetool\src\main\java\me\ele\uetool\AttrsDialog.java,me.ele.uetool.AttrsDialog$Adapter$EditTextViewHolder,EditTextViewHolder/1[me.ele.uetool.View],vColor,1
C:\Users\Acer\Desktop\GroupAssignment2-OOD\Cloned\UETool\uetool\src\main\java\me\ele\uetool\AttrsDialog.java,me.ele.uetool.AttrsDialog$Adapter$EditTextViewHolder,bindView/1[T],vName,1
C:\Users\Acer\Desktop\GroupAssignment2-OOD\Cloned\UETool\uetool\src\main\java\me\ele\uetool\AttrsDialog.java,me.ele.uetool.AttrsDialog$Adapter$EditTextViewHolder,bindView/1[T],vDetail,1
C:\Users\Acer\Desktop\GroupAssignment2-OOD\Cloned\UETool\uetool\src\main\java\me\ele\uetool\AttrsDialog.java,me.ele.uetool.AttrsDialog$Adapter$EditTextViewHolder,bindView/1[T],vColor,4
C:\Users\Acer\Desktop\GroupAssignment2-OOD\Cloned\UETool\uetool-base\src\main\java\me\ele\uetool\base\Application.java,me.ele.uetool.base.Application,getApplicationContext/0,CONTEXT,4
C:\Users\Acer\Desktop\GroupAssignment2-OOD\Cloned\UETool\uetool-base\src\main\java\me\ele\uetool\base\item\EditTextItem.java,me.ele.uetool.base.item.EditTextItem,"EditTextItem/4[java.lang.String,me.ele.uetool.base.Element,int,java.lang.String]",detail,3
C:\Users\Acer\Desktop\GroupAssignment2-OOD\Cloned\UETool\uetool-base\src\main\java\me\ele\uetool\base\item\EditTextItem.java,me.ele.uetool.base.item.EditTextItem,"EditTextItem/4[java.lang.String,me.ele.uetool.base.Element,int,java.lang.String]",type,3
C:\Users\Acer\Desktop\GroupAssignment2-OOD\Cloned\UETool\uetool-base\src\main\java\me\ele\uetool\base\item\EditTextItem.java,me.ele.uetool.base.item.EditTextItem,getType/0,type,1
C:\Users\Acer\Desktop\GroupAssignment2-OOD\Cloned\UETool\uetool-base\src\main\java\me\ele\uetool\base\item\EditTextItem.java,me.ele.uetool.base.item.EditTextItem,getDetail/0,detail,1
C:\Users\Acer\Desktop\GroupAssignment2-OOD\Cloned\UETool\uetool\src\main\java\me\ele\uetool\FragmentListTreeDialog.java,me.ele.uetool.FragmentListTreeDialog,onClickTreeItem/1[me.ele.uetool.RectF],regionView,1
C:\Users\Acer\Desktop\GroupAssignment2-OOD\Cloned\UETool\uetool\src\main\java\me\ele\uetool\FragmentListTreeDialog.java,me.ele.uetool.FragmentListTreeDialog,createTree/1[boolean],containerView,2
C:\Users\Acer\Desktop\GroupAssignment2-OOD\Cloned\UETool\uetool\src\main\java\me\ele\uetool\FragmentListTreeDialog.java,me.ele.uetool.FragmentListTreeDialog,onCreate/1[me.ele.uetool.Bundle],regionView,1
C:\Users\Acer\Desktop\GroupAssignment2-OOD\Cloned\UETool\uetool\src\main\java\me\ele\uetool\FragmentListTreeDialog.java,me.ele.uetool.FragmentListTreeDialog,onCreate/1[me.ele.uetool.Bundle],containerView,1
C:\Users\Acer\Desktop\GroupAssignment2-OOD\Cloned\UETool\uetool\src\main\java\me\ele\uetool\AttrsDialog.java,me.ele.uetool.AttrsDialog$Adapter,notifyValidViewItemRemoved/1[int],validItems,2
C:\Users\Acer\Desktop\GroupAssignment2-OOD\Cloned\UETool\uetool\src\main\java\me\ele\uetool\AttrsDialog.java,me.ele.uetool.AttrsDialog$Adapter,notifyValidViewItemRemoved/1[int],items,1
C:\Users\Acer\Desktop\GroupAssignment2-OOD\Cloned\UETool\uetool\src\main\java\me\ele\uetool\AttrsDialog.java,me.ele.uetool.AttrsDialog$Adapter,"notifyValidViewItemInserted/2[int,java.util.List<me.ele.uetool.base.item.Item>]",validItems,5
C:\Users\Acer\Desktop\GroupAssignment2-OOD\Cloned\UETool\uetool\src\main\java\me\ele\uetool\AttrsDialog.java,me.ele.uetool.AttrsDialog$Adapter,"notifyValidViewItemInserted/2[int,java.util.List<me.ele.uetool.base.item.Item>]",items,1
C:\Users\Acer\Desktop\GroupAssignment2-OOD\Cloned\UETool\uetool\src\main\java\me\ele\uetool\AttrsDialog.java,me.ele.uetool.AttrsDialog$Adapter,setAttrDialogCallback/1[me.ele.uetool.AttrsDialog.AttrDialogCallback],callback,3
C:\Users\Acer\Desktop\GroupAssignment2-OOD\Cloned\UETool\uetool\src\main\java\me\ele\uetool\AttrsDialog.java,me.ele.uetool.AttrsDialog$Adapter,getAttrDialogCallback/0,callback,1
C:\Users\Acer\Desktop\GroupAssignment2-OOD\Cloned\UETool\uetool\src\main\java\me\ele\uetool\AttrsDialog.java,me.ele.uetool.AttrsDialog$Adapter,getItem/1[int],items,2
C:\Users\Acer\Desktop\GroupAssignment2-OOD\Cloned\UETool\uetool\src\main\java\me\ele\uetool\AttrsDialog.java,me.ele.uetool.AttrsDialog$Adapter,getItemCount/0,items,1
C:\Users\Acer\Desktop\GroupAssignment2-OOD\Cloned\UETool\uetool\src\main\java\me\ele\uetool\AttrsDialog.java,me.ele.uetool.AttrsDialog$Adapter,notifyDataSetChanged/1[me.ele.uetool.base.Element],items,2
C:\Users\Acer\Desktop\GroupAssignment2-OOD\Cloned\UETool\uetool\src\main\java\me\ele\uetool\UETool.java,me.ele.uetool.UETool,getInstance/0,instance,4
C:\Users\Acer\Desktop\GroupAssignment2-OOD\Cloned\UETool\uetool\src\main\java\me\ele\uetool\UETool.java,me.ele.uetool.UETool,"registerAttrDialogItemViewBinder/2[java.lang.Class<T>,me.ele.uetool.base.ItemViewBinder<T,?>]",attrsDialogMultiTypePool,1
C:\Users\Acer\Desktop\GroupAssignment2-OOD\Cloned\UETool\uetool\src\main\java\me\ele\uetool\UETool.java,me.ele.uetool.UETool,showMenu/1[int],uetMenu,4
C:\Users\Acer\Desktop\GroupAssignment2-OOD\Cloned\UETool\uetool\src\main\java\me\ele\uetool\UETool.java,me.ele.uetool.UETool,initAttrsDialogMultiTypePool/0,attrsDialogMultiTypePool,7
C:\Users\Acer\Desktop\GroupAssignment2-OOD\Cloned\UETool\uetool\src\main\java\me\ele\uetool\UETool.java,me.ele.uetool.UETool,putFilterClassName/1[java.lang.String],filterClassesSet,1
C:\Users\Acer\Desktop\GroupAssignment2-OOD\Cloned\UETool\uetool\src\main\java\me\ele\uetool\UETool.java,me.ele.uetool.UETool,getTargetActivity/0,targetActivity,1
C:\Users\Acer\Desktop\GroupAssignment2-OOD\Cloned\UETool\uetool\src\main\java\me\ele\uetool\UETool.java,me.ele.uetool.UETool,release/0,targetActivity,1
C:\Users\Acer\Desktop\GroupAssignment2-OOD\Cloned\UETool\uetool\src\main\java\me\ele\uetool\UETool.java,me.ele.uetool.UETool,getAttrsDialogMultiTypePool/0,attrsDialogMultiTypePool,1
C:\Users\Acer\Desktop\GroupAssignment2-OOD\Cloned\UETool\uetool\src\main\java\me\ele\uetool\UETool.java,me.ele.uetool.UETool,getAttrsProvider/0,attrsProviderSet,1
C:\Users\Acer\Desktop\GroupAssignment2-OOD\Cloned\UETool\uetool\src\main\java\me\ele\uetool\UETool.java,me.ele.uetool.UETool,setTargetActivity/1[me.ele.uetool.Activity],targetActivity,3
C:\Users\Acer\Desktop\GroupAssignment2-OOD\Cloned\UETool\uetool\src\main\java\me\ele\uetool\UETool.java,me.ele.uetool.UETool,dismissMenu/0,uetMenu,3
C:\Users\Acer\Desktop\GroupAssignment2-OOD\Cloned\UETool\uetool\src\main\java\me\ele\uetool\UETool.java,me.ele.uetool.UETool,getFilterClasses/0,filterClassesSet,1
C:\Users\Acer\Desktop\GroupAssignment2-OOD\Cloned\UETool\uetool\src\main\java\me\ele\uetool\UETool.java,me.ele.uetool.UETool,putAttrsProviderClassName/1[java.lang.String],attrsProviderSet,1
C:\Users\Acer\Desktop\GroupAssignment2-OOD\Cloned\UETool\uetool\src\main\java\me\ele\uetool\AttrsDialog.java,me.ele.uetool.AttrsDialog$Adapter$AddMinusEditViewHolder,AddMinusEditViewHolder/1[me.ele.uetool.View],vMinus,2
C:\Users\Acer\Desktop\GroupAssignment2-OOD\Cloned\UETool\uetool\src\main\java\me\ele\uetool\AttrsDialog.java,me.ele.uetool.AttrsDialog$Adapter$AddMinusEditViewHolder,AddMinusEditViewHolder/1[me.ele.uetool.View],vAdd,2
C:\Users\Acer\Desktop\GroupAssignment2-OOD\Cloned\UETool\uetool\src\main\java\me\ele\uetool\RelativePositionLayout.java,me.ele.uetool.RelativePositionLayout,onTouchEvent/1[me.ele.uetool.MotionEvent],elementsNum,1
C:\Users\Acer\Desktop\GroupAssignment2-OOD\Cloned\UETool\uetool\src\main\java\me\ele\uetool\RelativePositionLayout.java,me.ele.uetool.RelativePositionLayout,onTouchEvent/1[me.ele.uetool.MotionEvent],searchCount,2
C:\Users\Acer\Desktop\GroupAssignment2-OOD\Cloned\UETool\uetool\src\main\java\me\ele\uetool\RelativePositionLayout.java,me.ele.uetool.RelativePositionLayout,onTouchEvent/1[me.ele.uetool.MotionEvent],relativeElements,1
C:\Users\Acer\Desktop\GroupAssignment2-OOD\Cloned\UETool\uetool\src\main\java\me\ele\uetool\RelativePositionLayout.java,me.ele.uetool.RelativePositionLayout,onDetachedFromWindow/0,relativeElements,1
C:\Users\Acer\Desktop\GroupAssignment2-OOD\Cloned\UETool\uetool\src\main\java\me\ele\uetool\RelativePositionLayout.java,me.ele.uetool.RelativePositionLayout,onDraw/1[me.ele.uetool.Canvas],areaPaint,1
C:\Users\Acer\Desktop\GroupAssignment2-OOD\Cloned\UETool\uetool\src\main\java\me\ele\uetool\RelativePositionLayout.java,me.ele.uetool.RelativePositionLayout,onDraw/1[me.ele.uetool.Canvas],elementsNum,2
C:\Users\Acer\Desktop\GroupAssignment2-OOD\Cloned\UETool\uetool\src\main\java\me\ele\uetool\RelativePositionLayout.java,me.ele.uetool.RelativePositionLayout,onDraw/1[me.ele.uetool.Canvas],searchCount,2
C:\Users\Acer\Desktop\GroupAssignment2-OOD\Cloned\UETool\uetool\src\main\java\me\ele\uetool\RelativePositionLayout.java,me.ele.uetool.RelativePositionLayout,onDraw/1[me.ele.uetool.Canvas],relativeElements,4
C:\Users\Acer\Desktop\GroupAssignment2-OOD\Cloned\UETool\uetool-base\src\main\java\me\ele\uetool\base\Element.java,me.ele.uetool.base.Element,Element/1[me.ele.uetool.base.View],view,3
C:\Users\Acer\Desktop\GroupAssignment2-OOD\Cloned\UETool\uetool-base\src\main\java\me\ele\uetool\base\Element.java,me.ele.uetool.base.Element,Element/1[me.ele.uetool.base.View],originRect,1
C:\Users\Acer\Desktop\GroupAssignment2-OOD\Cloned\UETool\uetool-base\src\main\java\me\ele\uetool\base\Element.java,me.ele.uetool.base.Element,getView/0,view,1
C:\Users\Acer\Desktop\GroupAssignment2-OOD\Cloned\UETool\uetool-base\src\main\java\me\ele\uetool\base\Element.java,me.ele.uetool.base.Element,getOriginRect/0,originRect,1
C:\Users\Acer\Desktop\GroupAssignment2-OOD\Cloned\UETool\uetool-base\src\main\java\me\ele\uetool\base\Element.java,me.ele.uetool.base.Element,equals/1[java.lang.Object],view,2
C:\Users\Acer\Desktop\GroupAssignment2-OOD\Cloned\UETool\uetool-base\src\main\java\me\ele\uetool\base\Element.java,me.ele.uetool.base.Element,getArea/0,view,2
C:\Users\Acer\Desktop\GroupAssignment2-OOD\Cloned\UETool\uetool-base\src\main\java\me\ele\uetool\base\Element.java,me.ele.uetool.base.Element,getParentElement/0,view,1
C:\Users\Acer\Desktop\GroupAssignment2-OOD\Cloned\UETool\uetool-base\src\main\java\me\ele\uetool\base\Element.java,me.ele.uetool.base.Element,getParentElement/0,parentElement,3
C:\Users\Acer\Desktop\GroupAssignment2-OOD\Cloned\UETool\uetool-base\src\main\java\me\ele\uetool\base\Element.java,me.ele.uetool.base.Element,getRect/0,rect,1
C:\Users\Acer\Desktop\GroupAssignment2-OOD\Cloned\UETool\uetool-base\src\main\java\me\ele\uetool\base\Element.java,me.ele.uetool.base.Element,hashCode/0,view,2
C:\Users\Acer\Desktop\GroupAssignment2-OOD\Cloned\UETool\uetool-base\src\main\java\me\ele\uetool\base\Element.java,me.ele.uetool.base.Element,reset/0,rect,1
C:\Users\Acer\Desktop\GroupAssignment2-OOD\Cloned\UETool\uetool-base\src\main\java\me\ele\uetool\base\Element.java,me.ele.uetool.base.Element,reset/0,view,3
C:\Users\Acer\Desktop\GroupAssignment2-OOD\Cloned\UETool\uetool-base\src\main\java\me\ele\uetool\base\Element.java,me.ele.uetool.base.Element,reset/0,location,3
C:\Users\Acer\Desktop\GroupAssignment2-OOD\Cloned\UETool\uetool\src\main\java\me\ele\uetool\UETSubMenu.java,me.ele.uetool.UETSubMenu$SubMenu,getTitle/0,title,1
C:\Users\Acer\Desktop\GroupAssignment2-OOD\Cloned\UETool\uetool\src\main\java\me\ele\uetool\UETSubMenu.java,me.ele.uetool.UETSubMenu$SubMenu,getImageRes/0,imageRes,1
C:\Users\Acer\Desktop\GroupAssignment2-OOD\Cloned\UETool\uetool\src\main\java\me\ele\uetool\UETSubMenu.java,me.ele.uetool.UETSubMenu$SubMenu,"SubMenu/3[java.lang.String,int,me.ele.uetool.OnClickListener]",imageRes,3
C:\Users\Acer\Desktop\GroupAssignment2-OOD\Cloned\UETool\uetool\src\main\java\me\ele\uetool\UETSubMenu.java,me.ele.uetool.UETSubMenu$SubMenu,"SubMenu/3[java.lang.String,int,me.ele.uetool.OnClickListener]",title,3
C:\Users\Acer\Desktop\GroupAssignment2-OOD\Cloned\UETool\uetool\src\main\java\me\ele\uetool\UETSubMenu.java,me.ele.uetool.UETSubMenu$SubMenu,"SubMenu/3[java.lang.String,int,me.ele.uetool.OnClickListener]",onClickListener,3
C:\Users\Acer\Desktop\GroupAssignment2-OOD\Cloned\UETool\uetool\src\main\java\me\ele\uetool\UETSubMenu.java,me.ele.uetool.UETSubMenu$SubMenu,getOnClickListener/0,onClickListener,1
C:\Users\Acer\Desktop\GroupAssignment2-OOD\Cloned\UETool\uetool\src\main\java\me\ele\uetool\FragmentListTreeDialog.java,me.ele.uetool.FragmentListTreeDialog$TreeItemVH,toggle/1[boolean],arrowView,1
C:\Users\Acer\Desktop\GroupAssignment2-OOD\Cloned\UETool\uetool\src\main\java\me\ele\uetool\FragmentListTreeDialog.java,me.ele.uetool.FragmentListTreeDialog$TreeItemVH,"createNodeView/2[me.ele.uetool.TreeNode,me.ele.uetool.FragmentListTreeDialog.TreeItem]",nameView,3
C:\Users\Acer\Desktop\GroupAssignment2-OOD\Cloned\UETool\uetool\src\main\java\me\ele\uetool\FragmentListTreeDialog.java,me.ele.uetool.FragmentListTreeDialog$TreeItemVH,"createNodeView/2[me.ele.uetool.TreeNode,me.ele.uetool.FragmentListTreeDialog.TreeItem]",arrowView,1
C:\Users\Acer\Desktop\GroupAssignment2-OOD\Cloned\UETool\uetool\src\main\java\me\ele\uetool\FragmentListTreeDialog.java,me.ele.uetool.FragmentListTreeDialog$TreeItemVH,"TreeItemVH/2[me.ele.uetool.Context,me.ele.uetool.Provider]",provider,3
C:\Users\Acer\Desktop\GroupAssignment2-OOD\Cloned\UETool\uetool-base\src\main\java\me\ele\uetool\base\item\SwitchItem.java,me.ele.uetool.base.item.SwitchItem,"SwitchItem/3[java.lang.String,me.ele.uetool.base.Element,int]",type,3
C:\Users\Acer\Desktop\GroupAssignment2-OOD\Cloned\UETool\uetool-base\src\main\java\me\ele\uetool\base\item\SwitchItem.java,me.ele.uetool.base.item.SwitchItem,isChecked/0,isChecked,2
C:\Users\Acer\Desktop\GroupAssignment2-OOD\Cloned\UETool\uetool-base\src\main\java\me\ele\uetool\base\item\SwitchItem.java,me.ele.uetool.base.item.SwitchItem,getType/0,type,1
C:\Users\Acer\Desktop\GroupAssignment2-OOD\Cloned\UETool\uetool-base\src\main\java\me\ele\uetool\base\item\SwitchItem.java,me.ele.uetool.base.item.SwitchItem,setChecked/1[boolean],isChecked,1
C:\Users\Acer\Desktop\GroupAssignment2-OOD\Cloned\UETool\uetool-base\src\main\java\me\ele\uetool\base\item\SwitchItem.java,me.ele.uetool.base.item.SwitchItem,"SwitchItem/4[java.lang.String,me.ele.uetool.base.Element,int,boolean]",type,3
C:\Users\Acer\Desktop\GroupAssignment2-OOD\Cloned\UETool\uetool-base\src\main\java\me\ele\uetool\base\item\SwitchItem.java,me.ele.uetool.base.item.SwitchItem,"SwitchItem/4[java.lang.String,me.ele.uetool.base.Element,int,boolean]",isChecked,3
C:\Users\Acer\Desktop\GroupAssignment2-OOD\Cloned\UETool\uetool\src\main\java\me\ele\uetool\AttrsDialog.java,me.ele.uetool.AttrsDialog$Adapter$SwitchViewHolder,"SwitchViewHolder/2[me.ele.uetool.View,me.ele.uetool.AttrsDialog.AttrDialogCallback]",vName,1
C:\Users\Acer\Desktop\GroupAssignment2-OOD\Cloned\UETool\uetool\src\main\java\me\ele\uetool\AttrsDialog.java,me.ele.uetool.AttrsDialog$Adapter$SwitchViewHolder,"SwitchViewHolder/2[me.ele.uetool.View,me.ele.uetool.AttrsDialog.AttrDialogCallback]",vSwitch,2
C:\Users\Acer\Desktop\GroupAssignment2-OOD\Cloned\UETool\uetool\src\main\java\me\ele\uetool\AttrsDialog.java,me.ele.uetool.AttrsDialog$Adapter$SwitchViewHolder,bindView/1[me.ele.uetool.base.item.SwitchItem],vName,1
C:\Users\Acer\Desktop\GroupAssignment2-OOD\Cloned\UETool\uetool\src\main\java\me\ele\uetool\AttrsDialog.java,me.ele.uetool.AttrsDialog$Adapter$SwitchViewHolder,bindView/1[me.ele.uetool.base.item.SwitchItem],vSwitch,1
C:\Users\Acer\Desktop\GroupAssignment2-OOD\Cloned\UETool\uetool\src\main\java\me\ele\uetool\GriddingLayout.java,me.ele.uetool.GriddingLayout,onDraw/1[me.ele.uetool.Canvas],screenWidth,2
C:\Users\Acer\Desktop\GroupAssignment2-OOD\Cloned\UETool\uetool\src\main\java\me\ele\uetool\GriddingLayout.java,me.ele.uetool.GriddingLayout,onDraw/1[me.ele.uetool.Canvas],LINE_INTERVAL,2
C:\Users\Acer\Desktop\GroupAssignment2-OOD\Cloned\UETool\uetool\src\main\java\me\ele\uetool\GriddingLayout.java,me.ele.uetool.GriddingLayout,onDraw/1[me.ele.uetool.Canvas],screenHeight,2
C:\Users\Acer\Desktop\GroupAssignment2-OOD\Cloned\UETool\uetool\src\main\java\me\ele\uetool\GriddingLayout.java,me.ele.uetool.GriddingLayout,onDraw/1[me.ele.uetool.Canvas],paint,2
C:\Users\Acer\Desktop\GroupAssignment2-OOD\Cloned\UETool\uetool\src\main\java\me\ele\uetool\GriddingLayout.java,me.ele.uetool.GriddingLayout,onDetachedFromWindow/0,bindActivity,1
C:\Users\Acer\Desktop\GroupAssignment2-OOD\Cloned\UETool\uetool\src\main\java\me\ele\uetool\GriddingLayout.java,me.ele.uetool.GriddingLayout,dispatchTouchEvent/1[me.ele.uetool.MotionEvent],bindActivity,1
C:\Users\Acer\Desktop\GroupAssignment2-OOD\Cloned\UETool\uetool\src\main\java\me\ele\uetool\EditAttrLayout.java,me.ele.uetool.EditAttrLayout,onTouchEvent/1[me.ele.uetool.MotionEvent],mode,2
C:\Users\Acer\Desktop\GroupAssignment2-OOD\Cloned\UETool\uetool\src\main\java\me\ele\uetool\EditAttrLayout.java,me.ele.uetool.EditAttrLayout,onTouchEvent/1[me.ele.uetool.MotionEvent],lastY,1
C:\Users\Acer\Desktop\GroupAssignment2-OOD\Cloned\UETool\uetool\src\main\java\me\ele\uetool\EditAttrLayout.java,me.ele.uetool.EditAttrLayout,onTouchEvent/1[me.ele.uetool.MotionEvent],lastX,1
C:\Users\Acer\Desktop\GroupAssignment2-OOD\Cloned\UETool\uetool\src\main\java\me\ele\uetool\EditAttrLayout.java,me.ele.uetool.EditAttrLayout,onDetachedFromWindow/0,targetElement,1
C:\Users\Acer\Desktop\GroupAssignment2-OOD\Cloned\UETool\uetool\src\main\java\me\ele\uetool\EditAttrLayout.java,me.ele.uetool.EditAttrLayout,setOnDragListener/1[me.ele.uetool.EditAttrLayout.OnDragListener],onDragListener,3
C:\Users\Acer\Desktop\GroupAssignment2-OOD\Cloned\UETool\uetool\src\main\java\me\ele\uetool\EditAttrLayout.java,me.ele.uetool.EditAttrLayout,onDraw/1[me.ele.uetool.Canvas],mode,1
C:\Users\Acer\Desktop\GroupAssignment2-OOD\Cloned\UETool\uetool\src\main\java\me\ele\uetool\EditAttrLayout.java,me.ele.uetool.EditAttrLayout,onDraw/1[me.ele.uetool.Canvas],areaPaint,1
C:\Users\Acer\Desktop\GroupAssignment2-OOD\Cloned\UETool\uetool\src\main\java\me\ele\uetool\EditAttrLayout.java,me.ele.uetool.EditAttrLayout,onDraw/1[me.ele.uetool.Canvas],targetElement,2
C:\Users\Acer\Desktop\GroupAssignment2-OOD\Cloned\UETool\uetool\src\main\java\me\ele\uetool\EditAttrLayout.java,me.ele.uetool.EditAttrLayout,dismissAttrsDialog/0,dialog,2
C:\Users\Acer\Desktop\GroupAssignment2-OOD\Cloned\UETool\uetool-base\src\main\java\me\ele\uetool\base\item\ElementItem.java,me.ele.uetool.base.item.ElementItem,"ElementItem/2[java.lang.String,me.ele.uetool.base.Element]",element,3
C:\Users\Acer\Desktop\GroupAssignment2-OOD\Cloned\UETool\uetool-base\src\main\java\me\ele\uetool\base\item\ElementItem.java,me.ele.uetool.base.item.ElementItem,getElement/0,element,1
C:\Users\Acer\Desktop\GroupAssignment2-OOD\Cloned\UETool\uetool\src\main\java\me\ele\uetool\FragmentListTreeDialog.java,me.ele.uetool.FragmentListTreeDialog$TreeItem,"initName/2[me.ele.uetool.Fragment,boolean]",name,3
C:\Users\Acer\Desktop\GroupAssignment2-OOD\Cloned\UETool\uetool\src\main\java\me\ele\uetool\FragmentListTreeDialog.java,me.ele.uetool.FragmentListTreeDialog$TreeItem,initRect/1[me.ele.uetool.Fragment],rectF,1
C:\Users\Acer\Desktop\GroupAssignment2-OOD\Cloned\UETool\uetool\src\main\java\me\ele\uetool\BoardTextView.java,me.ele.uetool.BoardTextView,updateInfo/1[java.lang.String],defaultInfo,1
C:\Users\Acer\Desktop\GroupAssignment2-OOD\Cloned\UETool\uetool\src\main\java\me\ele\uetool\BoardTextView.java,me.ele.uetool.BoardTextView,initView/0,defaultInfo,1
C:\Users\Acer\Desktop\GroupAssignment2-OOD\Cloned\UETool\uetool\src\main\java\me\ele\uetool\BoardTextView.java,me.ele.uetool.BoardTextView,initView/0,padding,4
C:\Users\Acer\Desktop\GroupAssignment2-OOD\Cloned\UETool\uetool\src\main\java\me\ele\uetool\UETSubMenu.java,me.ele.uetool.UETSubMenu,"UETSubMenu/3[me.ele.uetool.Context,me.ele.uetool.AttributeSet,int]",padding,2
C:\Users\Acer\Desktop\GroupAssignment2-OOD\Cloned\UETool\uetool\src\main\java\me\ele\uetool\UETSubMenu.java,me.ele.uetool.UETSubMenu,"UETSubMenu/3[me.ele.uetool.Context,me.ele.uetool.AttributeSet,int]",vImage,1
C:\Users\Acer\Desktop\GroupAssignment2-OOD\Cloned\UETool\uetool\src\main\java\me\ele\uetool\UETSubMenu.java,me.ele.uetool.UETSubMenu,"UETSubMenu/3[me.ele.uetool.Context,me.ele.uetool.AttributeSet,int]",vTitle,1
C:\Users\Acer\Desktop\GroupAssignment2-OOD\Cloned\UETool\uetool\src\main\java\me\ele\uetool\UETSubMenu.java,me.ele.uetool.UETSubMenu,update/1[me.ele.uetool.UETSubMenu.SubMenu],vImage,1
C:\Users\Acer\Desktop\GroupAssignment2-OOD\Cloned\UETool\uetool\src\main\java\me\ele\uetool\UETSubMenu.java,me.ele.uetool.UETSubMenu,update/1[me.ele.uetool.UETSubMenu.SubMenu],vTitle,1
C:\Users\Acer\Desktop\GroupAssignment2-OOD\Cloned\UETool\uetool\src\main\java\me\ele\uetool\AttrsDialog.java,me.ele.uetool.AttrsDialog$Adapter$BaseViewHolder,bindView/1[T],item,1
C:\Users\Acer\Desktop\GroupAssignment2-OOD\Cloned\UETool\uetool-base\src\main\java\me\ele\uetool\base\item\TextItem.java,me.ele.uetool.base.item.TextItem,"TextItem/3[java.lang.String,java.lang.String,View.OnClickListener]",detail,2
C:\Users\Acer\Desktop\GroupAssignment2-OOD\Cloned\UETool\uetool-base\src\main\java\me\ele\uetool\base\item\TextItem.java,me.ele.uetool.base.item.TextItem,"TextItem/3[java.lang.String,java.lang.String,View.OnClickListener]",onClickListener,2
C:\Users\Acer\Desktop\GroupAssignment2-OOD\Cloned\UETool\uetool-base\src\main\java\me\ele\uetool\base\item\TextItem.java,me.ele.uetool.base.item.TextItem,isValid/0,detail,1
C:\Users\Acer\Desktop\GroupAssignment2-OOD\Cloned\UETool\uetool-base\src\main\java\me\ele\uetool\base\item\TextItem.java,me.ele.uetool.base.item.TextItem,"TextItem/3[java.lang.String,java.lang.String,boolean]",enableCopy,2
C:\Users\Acer\Desktop\GroupAssignment2-OOD\Cloned\UETool\uetool-base\src\main\java\me\ele\uetool\base\item\TextItem.java,me.ele.uetool.base.item.TextItem,"TextItem/3[java.lang.String,java.lang.String,boolean]",detail,2
C:\Users\Acer\Desktop\GroupAssignment2-OOD\Cloned\UETool\uetool-base\src\main\java\me\ele\uetool\base\item\TextItem.java,me.ele.uetool.base.item.TextItem,getOnClickListener/0,onClickListener,1
C:\Users\Acer\Desktop\GroupAssignment2-OOD\Cloned\UETool\uetool-base\src\main\java\me\ele\uetool\base\item\TextItem.java,me.ele.uetool.base.item.TextItem,getDetail/0,detail,1
C:\Users\Acer\Desktop\GroupAssignment2-OOD\Cloned\UETool\uetool-base\src\main\java\me\ele\uetool\base\item\TextItem.java,me.ele.uetool.base.item.TextItem,"TextItem/4[java.lang.String,java.lang.String,boolean,View.OnClickListener]",enableCopy,3
C:\Users\Acer\Desktop\GroupAssignment2-OOD\Cloned\UETool\uetool-base\src\main\java\me\ele\uetool\base\item\TextItem.java,me.ele.uetool.base.item.TextItem,"TextItem/4[java.lang.String,java.lang.String,boolean,View.OnClickListener]",detail,3
C:\Users\Acer\Desktop\GroupAssignment2-OOD\Cloned\UETool\uetool-base\src\main\java\me\ele\uetool\base\item\TextItem.java,me.ele.uetool.base.item.TextItem,"TextItem/4[java.lang.String,java.lang.String,boolean,View.OnClickListener]",onClickListener,3
C:\Users\Acer\Desktop\GroupAssignment2-OOD\Cloned\UETool\uetool-base\src\main\java\me\ele\uetool\base\item\TextItem.java,me.ele.uetool.base.item.TextItem,"TextItem/2[java.lang.String,java.lang.String]",detail,2
C:\Users\Acer\Desktop\GroupAssignment2-OOD\Cloned\UETool\uetool-base\src\main\java\me\ele\uetool\base\item\TextItem.java,me.ele.uetool.base.item.TextItem,isEnableCopy/0,enableCopy,1
C:\Users\Acer\Desktop\GroupAssignment2-OOD\Cloned\UETool\uetool-base\src\main\java\me\ele\uetool\base\item\BriefDescItem.java,me.ele.uetool.base.item.BriefDescItem,"BriefDescItem/2[me.ele.uetool.base.Element,boolean]",isSelected,3
C:\Users\Acer\Desktop\GroupAssignment2-OOD\Cloned\UETool\uetool-base\src\main\java\me\ele\uetool\base\item\BriefDescItem.java,me.ele.uetool.base.item.BriefDescItem,isSelected/0,isSelected,2
C:\Users\Acer\Desktop\GroupAssignment2-OOD\Cloned\UETool\uetool\src\main\java\me\ele\uetool\UETMenu.java,me.ele.uetool.UETMenu$Anonymous6,"onTouch/2[me.ele.uetool.View,me.ele.uetool.MotionEvent]",downY,3
C:\Users\Acer\Desktop\GroupAssignment2-OOD\Cloned\UETool\uetool\src\main\java\me\ele\uetool\UETMenu.java,me.ele.uetool.UETMenu$Anonymous6,"onTouch/2[me.ele.uetool.View,me.ele.uetool.MotionEvent]",downX,2
C:\Users\Acer\Desktop\GroupAssignment2-OOD\Cloned\UETool\uetool\src\main\java\me\ele\uetool\UETMenu.java,me.ele.uetool.UETMenu$Anonymous6,"onTouch/2[me.ele.uetool.View,me.ele.uetool.MotionEvent]",lastY,3
C:\Users\Acer\Desktop\GroupAssignment2-OOD\Cloned\UETool\uetool-base\src\main\java\me\ele\uetool\base\item\BitmapItem.java,me.ele.uetool.base.item.BitmapItem,getName/0,name,1
C:\Users\Acer\Desktop\GroupAssignment2-OOD\Cloned\UETool\uetool-base\src\main\java\me\ele\uetool\base\item\BitmapItem.java,me.ele.uetool.base.item.BitmapItem,getBitmap/0,bitmap,1
C:\Users\Acer\Desktop\GroupAssignment2-OOD\Cloned\UETool\uetool-base\src\main\java\me\ele\uetool\base\item\BitmapItem.java,me.ele.uetool.base.item.BitmapItem,"BitmapItem/2[java.lang.String,me.ele.uetool.base.item.Bitmap]",bitmap,3
C:\Users\Acer\Desktop\GroupAssignment2-OOD\Cloned\UETool\uetool-base\src\main\java\me\ele\uetool\base\item\BitmapItem.java,me.ele.uetool.base.item.BitmapItem,"BitmapItem/2[java.lang.String,me.ele.uetool.base.item.Bitmap]",name,3
C:\Users\Acer\Desktop\GroupAssignment2-OOD\Cloned\UETool\uetool-base\src\main\java\me\ele\uetool\base\item\BitmapItem.java,me.ele.uetool.base.item.BitmapItem,isValid/0,bitmap,1
C:\Users\Acer\Desktop\GroupAssignment2-OOD\Cloned\UETool\uetool\src\main\java\me\ele\uetool\AttrsDialog.java,me.ele.uetool.AttrsDialog$Adapter$BitmapInfoViewHolder,bindView/1[me.ele.uetool.base.item.BitmapItem],vName,1
C:\Users\Acer\Desktop\GroupAssignment2-OOD\Cloned\UETool\uetool\src\main\java\me\ele\uetool\AttrsDialog.java,me.ele.uetool.AttrsDialog$Adapter$BitmapInfoViewHolder,bindView/1[me.ele.uetool.base.item.BitmapItem],vInfo,1
C:\Users\Acer\Desktop\GroupAssignment2-OOD\Cloned\UETool\uetool\src\main\java\me\ele\uetool\AttrsDialog.java,me.ele.uetool.AttrsDialog$Adapter$BitmapInfoViewHolder,bindView/1[me.ele.uetool.base.item.BitmapItem],vImage,2
C:\Users\Acer\Desktop\GroupAssignment2-OOD\Cloned\UETool\uetool\src\main\java\me\ele\uetool\AttrsDialog.java,me.ele.uetool.AttrsDialog$Adapter$BitmapInfoViewHolder,bindView/1[me.ele.uetool.base.item.BitmapItem],imageHeight,1
C:\Users\Acer\Desktop\GroupAssignment2-OOD\Cloned\UETool\uetool\src\main\java\me\ele\uetool\AttrsDialog.java,me.ele.uetool.AttrsDialog$Adapter$BitmapInfoViewHolder,BitmapInfoViewHolder/1[me.ele.uetool.View],vName,1
C:\Users\Acer\Desktop\GroupAssignment2-OOD\Cloned\UETool\uetool\src\main\java\me\ele\uetool\AttrsDialog.java,me.ele.uetool.AttrsDialog$Adapter$BitmapInfoViewHolder,BitmapInfoViewHolder/1[me.ele.uetool.View],vInfo,1
C:\Users\Acer\Desktop\GroupAssignment2-OOD\Cloned\UETool\uetool\src\main\java\me\ele\uetool\AttrsDialog.java,me.ele.uetool.AttrsDialog$Adapter$BitmapInfoViewHolder,BitmapInfoViewHolder/1[me.ele.uetool.View],vImage,1
C:\Users\Acer\Desktop\GroupAssignment2-OOD\Cloned\UETool\uetool\src\main\java\me\ele\uetool\AttrsDialog.java,me.ele.uetool.AttrsDialog$Adapter$BriefDescViewHolder,"BriefDescViewHolder/2[me.ele.uetool.View,me.ele.uetool.AttrsDialog.AttrDialogCallback]",vDesc,2
C:\Users\Acer\Desktop\GroupAssignment2-OOD\Cloned\UETool\uetool\src\main\java\me\ele\uetool\AttrsDialog.java,me.ele.uetool.AttrsDialog$Adapter$BriefDescViewHolder,bindView/1[me.ele.uetool.base.item.BriefDescItem],vDesc,2
C:\Users\Acer\Desktop\GroupAssignment2-OOD\Cloned\UETool\app\src\main\java\me\ele\uetool\sample\AppContext.java,me.ele.uetool.sample.AppContext$Anonymous1,onActivityStopped/1[me.ele.uetool.sample.Activity],visibleActivityCount,2
C:\Users\Acer\Desktop\GroupAssignment2-OOD\Cloned\UETool\app\src\main\java\me\ele\uetool\sample\AppContext.java,me.ele.uetool.sample.AppContext$Anonymous1,onActivityStopped/1[me.ele.uetool.sample.Activity],uetoolDismissY,1
C:\Users\Acer\Desktop\GroupAssignment2-OOD\Cloned\UETool\app\src\main\java\me\ele\uetool\sample\AppContext.java,me.ele.uetool.sample.AppContext$Anonymous1,onActivityStarted/1[me.ele.uetool.sample.Activity],visibleActivityCount,2
C:\Users\Acer\Desktop\GroupAssignment2-OOD\Cloned\UETool\app\src\main\java\me\ele\uetool\sample\AppContext.java,me.ele.uetool.sample.AppContext$Anonymous1,onActivityStarted/1[me.ele.uetool.sample.Activity],uetoolDismissY,2
C:\Users\Acer\Desktop\GroupAssignment2-OOD\Cloned\UETool\uetool\src\main\java\me\ele\uetool\AttrsDialog.java,me.ele.uetool.AttrsDialog$Adapter$TextViewHolder,bindView/1[me.ele.uetool.base.item.TextItem],vName,1
C:\Users\Acer\Desktop\GroupAssignment2-OOD\Cloned\UETool\uetool\src\main\java\me\ele\uetool\AttrsDialog.java,me.ele.uetool.AttrsDialog$Adapter$TextViewHolder,bindView/1[me.ele.uetool.base.item.TextItem],vDetail,4
C:\Users\Acer\Desktop\GroupAssignment2-OOD\Cloned\UETool\uetool\src\main\java\me\ele\uetool\AttrsDialog.java,me.ele.uetool.AttrsDialog$Adapter$TextViewHolder,TextViewHolder/1[me.ele.uetool.View],vName,1
C:\Users\Acer\Desktop\GroupAssignment2-OOD\Cloned\UETool\uetool\src\main\java\me\ele\uetool\AttrsDialog.java,me.ele.uetool.AttrsDialog$Adapter$TextViewHolder,TextViewHolder/1[me.ele.uetool.View],vDetail,1
C:\Users\Acer\Desktop\GroupAssignment2-OOD\Cloned\UETool\uetool\src\main\java\me\ele\uetool\TransparentActivity.java,me.ele.uetool.TransparentActivity,dismissAttrsDialog/0,vContainer,2
C:\Users\Acer\Desktop\GroupAssignment2-OOD\Cloned\UETool\uetool\src\main\java\me\ele\uetool\TransparentActivity.java,me.ele.uetool.TransparentActivity,onCreate/1[me.ele.uetool.Bundle],vContainer,5
C:\Users\Acer\Desktop\GroupAssignment2-OOD\Cloned\UETool\uetool\src\main\java\me\ele\uetool\TransparentActivity.java,me.ele.uetool.TransparentActivity,onCreate/1[me.ele.uetool.Bundle],EXTRA_TYPE,1
C:\Users\Acer\Desktop\GroupAssignment2-OOD\Cloned\UETool\uetool\src\main\java\me\ele\uetool\TransparentActivity.java,me.ele.uetool.TransparentActivity,onCreate/1[me.ele.uetool.Bundle],type,2
