file,class,type,cbo,cboModified,fanin,fanout,wmc,dit,noc,rfc,lcom,lcom*,tcc,lcc,totalMethodsQty,staticMethodsQty,publicMethodsQty,privateMethodsQty,protectedMethodsQty,defaultMethodsQty,visibleMethodsQty,abstractMethodsQty,finalMethodsQty,synchronizedMethodsQty,totalFieldsQty,staticFieldsQty,publicFieldsQty,privateFieldsQty,protectedFieldsQty,defaultFieldsQty,finalFieldsQty,synchronizedFieldsQty,nosi,loc,returnQty,loopQty,comparisonsQty,tryCatchQty,parenthesizedExpsQty,stringLiteralsQty,numbersQty,assignmentsQty,mathOperationsQty,variablesQty,maxNestedBlocksQty,anonymousClassesQty,innerClassesQty,lambdasQty,uniqueWordsQty,modifiers,logStatementsQty
C:\Users\Acer\Desktop\GroupAssignment2-OOD\Cloned\sonic-server\sonic-server-controller\src\main\java\org\cloud\sonic\controller\mapper\TestSuitesDevicesMapper.java,org.cloud.sonic.controller.mapper.TestSuitesDevicesMapper,interface,2,4,2,2,0,1,0,0,0,0.0,-1.0,-1.0,0,0,0,0,0,0,0,0,0,0,0,0,0,0,0,0,0,0,0,2,0,0,0,0,0,0,0,0,0,0,0,0,0,0,7,1,0
C:\Users\Acer\Desktop\GroupAssignment2-OOD\Cloned\sonic-server\sonic-server-controller\src\main\java\org\cloud\sonic\controller\tools\robot\vendor\YouSpaceImpl.java,org.cloud.sonic.controller.tools.robot.vendor.YouSpaceImpl,class,8,9,1,8,10,1,0,16,3,0.33333334,0.5,0.5,6,0,4,2,0,0,4,0,0,0,1,0,0,1,0,0,0,0,1,117,1,0,1,1,5,91,18,27,32,26,1,0,0,0,71,1,2
C:\Users\Acer\Desktop\GroupAssignment2-OOD\Cloned\sonic-server\sonic-server-controller\src\main\java\org\cloud\sonic\controller\models\dto\StepsElementsDTO.java,org.cloud.sonic.controller.models.dto.StepsElementsDTO,class,9,11,2,9,0,1,0,0,0,NaN,-1.0,-1.0,0,0,0,0,0,0,0,0,0,0,2,0,0,2,0,0,0,0,0,4,0,0,0,0,0,2,0,0,0,2,0,0,0,0,16,1,0
C:\Users\Acer\Desktop\GroupAssignment2-OOD\Cloned\sonic-server\sonic-server-controller\src\main\java\org\cloud\sonic\controller\quartz\QuartzHandler.java,org.cloud.sonic.controller.quartz.QuartzHandler,class,15,18,3,15,37,1,0,42,0,0.54545456,0.82222223,1.0,11,0,10,1,0,0,10,0,0,0,4,0,0,4,0,0,1,0,1,205,3,2,6,10,0,61,7,45,18,32,3,0,0,0,52,1,16
C:\Users\Acer\Desktop\GroupAssignment2-OOD\Cloned\sonic-server\sonic-server-controller\src\main\java\org\cloud\sonic\controller\models\domain\Versions.java,org.cloud.sonic.controller.models.domain.Versions,class,18,23,5,18,0,1,0,0,0,NaN,-1.0,-1.0,0,0,0,0,0,0,0,0,0,0,4,0,0,4,0,0,0,0,0,6,0,0,0,0,0,15,0,0,0,4,0,0,0,0,22,1,0
C:\Users\Acer\Desktop\GroupAssignment2-OOD\Cloned\sonic-server\sonic-server-controller\src\main\java\org\cloud\sonic\controller\services\StepsService.java,org.cloud.sonic.controller.services.StepsService,interface,7,16,9,7,17,1,0,0,136,0.0,0.0,0.0,17,0,0,0,0,17,17,0,0,0,0,0,0,0,0,0,0,0,0,19,0,0,0,0,0,0,0,0,0,0,0,0,0,0,54,1,0
C:\Users\Acer\Desktop\GroupAssignment2-OOD\Cloned\sonic-server\sonic-server-controller\src\main\java\org\cloud\sonic\controller\models\dto\TestSuitesDevicesDTO.java,org.cloud.sonic.controller.models.dto.TestSuitesDevicesDTO,class,9,11,2,9,0,1,0,0,0,NaN,-1.0,-1.0,0,0,0,0,0,0,0,0,0,0,3,0,0,3,0,0,0,0,0,5,0,0,0,0,0,2,0,0,0,3,0,0,0,0,18,1,0
C:\Users\Acer\Desktop\GroupAssignment2-OOD\Cloned\sonic-server\sonic-server-controller\src\main\java\org\cloud\sonic\controller\models\domain\Scripts.java,org.cloud.sonic.controller.models.domain.Scripts,class,18,23,5,18,0,1,0,0,0,NaN,-1.0,-1.0,0,0,0,0,0,0,0,0,0,0,5,0,0,5,0,0,0,0,0,7,0,0,0,0,0,12,0,0,0,5,0,0,0,0,15,1,0
C:\Users\Acer\Desktop\GroupAssignment2-OOD\Cloned\sonic-server\sonic-server-controller\src\main\java\org\cloud\sonic\controller\tools\BytesTool.java,org.cloud.sonic.controller.tools.BytesTool,class,2,4,2,2,4,1,0,4,0,1.0,NaN,NaN,1,1,1,0,0,0,1,0,0,0,1,1,1,0,0,0,0,0,0,16,1,0,1,1,0,1,0,1,0,1,2,0,0,0,17,1,1
C:\Users\Acer\Desktop\GroupAssignment2-OOD\Cloned\sonic-server\sonic-server-controller\src\main\java\org\cloud\sonic\controller\models\dto\StepsDTO.java,org.cloud.sonic.controller.models.dto.StepsDTO,class,17,33,16,17,0,1,0,0,0,NaN,-1.0,-1.0,0,0,0,0,0,0,0,0,0,0,17,0,0,2,0,15,0,0,0,19,0,0,0,0,0,30,0,0,0,17,0,0,0,0,33,1,0
C:\Users\Acer\Desktop\GroupAssignment2-OOD\Cloned\sonic-server\sonic-server-controller\src\main\java\org\cloud\sonic\controller\controller\ExchangeController.java,org.cloud.sonic.controller.controller.ExchangeController,class,21,21,0,21,7,1,0,13,1,0.5,0.33333334,0.33333334,3,0,3,0,0,0,3,0,0,0,2,0,0,2,0,0,0,0,3,37,6,0,2,0,0,19,1,6,0,8,1,0,0,0,22,1,0
C:\Users\Acer\Desktop\GroupAssignment2-OOD\Cloned\sonic-server\sonic-server-controller\src\main\java\org\cloud\sonic\controller\models\dto\PublicStepsAndStepsIdDTO.java,org.cloud.sonic.controller.models.dto.PublicStepsAndStepsIdDTO,class,8,12,4,8,0,1,0,0,0,NaN,-1.0,-1.0,0,0,0,0,0,0,0,0,0,0,2,0,0,0,0,2,0,0,0,4,0,0,0,0,0,1,0,0,0,2,0,0,0,0,13,1,0
C:\Users\Acer\Desktop\GroupAssignment2-OOD\Cloned\sonic-server\sonic-server-controller\src\main\java\org\cloud\sonic\controller\models\http\UpdateDeviceImg.java,org.cloud.sonic.controller.models.http.UpdateDeviceImg,class,3,6,3,3,5,1,0,0,0,0.4,0.6,1.0,5,0,5,0,0,0,5,0,0,0,2,0,0,2,0,0,0,0,0,19,3,0,0,0,0,8,0,2,2,2,0,0,0,0,14,1,0
C:\Users\Acer\Desktop\GroupAssignment2-OOD\Cloned\sonic-server\sonic-server-controller\src\main\java\org\cloud\sonic\controller\models\http\DeviceDetailChange.java,org.cloud.sonic.controller.models.http.DeviceDetailChange,class,3,6,3,3,7,1,0,0,3,0.5714286,0.42857143,1.0,7,0,7,0,0,0,7,0,0,0,3,0,0,3,0,0,0,0,0,26,4,0,0,0,0,11,0,3,2,3,0,0,0,0,17,1,0
C:\Users\Acer\Desktop\GroupAssignment2-OOD\Cloned\sonic-server\sonic-server-folder\src\main\java\org\cloud\sonic\folder\config\SpringDocConfig.java,org.cloud.sonic.folder.config.SpringDocConfig,class,7,7,0,7,1,1,0,10,0,0.0,NaN,NaN,1,0,1,0,0,0,1,0,0,0,1,0,0,1,0,0,0,0,0,6,1,0,0,0,0,8,0,0,0,1,0,0,0,0,26,1,0
C:\Users\Acer\Desktop\GroupAssignment2-OOD\Cloned\sonic-server\sonic-server-controller\src\main\java\org\cloud\sonic\controller\services\impl\PackagesServiceImpl.java,org.cloud.sonic.controller.services.impl.PackagesServiceImpl,class,8,8,0,8,3,3,0,15,1,0.0,0.0,0.0,2,0,2,0,0,0,2,0,0,0,0,0,0,0,0,0,0,0,2,16,3,0,1,0,0,2,0,3,0,3,1,0,0,0,22,1,0
C:\Users\Acer\Desktop\GroupAssignment2-OOD\Cloned\sonic-server\sonic-server-controller\src\main\java\org\cloud\sonic\controller\models\dto\TestCasesDTO.java,org.cloud.sonic.controller.models.dto.TestCasesDTO,class,16,26,10,16,0,1,0,0,0,NaN,-1.0,-1.0,0,0,0,0,0,0,0,0,0,0,11,0,0,0,0,11,0,0,0,13,0,0,0,0,0,21,0,0,0,11,0,0,0,0,30,1,0
C:\Users\Acer\Desktop\GroupAssignment2-OOD\Cloned\sonic-server\sonic-server-common\src\main\java\org\cloud\sonic\common\config\CommonResultControllerAdvice.java,org.cloud.sonic.common.config.CommonResultControllerAdvice,class,13,15,2,13,8,1,0,10,4,0.5,0.33333334,0.33333334,4,1,3,1,0,0,3,0,0,0,1,0,0,1,0,0,0,0,1,35,4,0,1,0,1,5,3,9,0,8,1,0,0,0,44,1,0
C:\Users\Acer\Desktop\GroupAssignment2-OOD\Cloned\sonic-server\sonic-server-controller\src\main\java\org\cloud\sonic\controller\config\mybatis\MyMetaObjectHandler.java,org.cloud.sonic.controller.config.mybatis.MyMetaObjectHandler,class,4,4,0,4,2,1,0,3,1,0.0,0.0,0.0,2,0,2,0,0,0,2,0,0,0,0,0,0,0,0,0,0,0,0,14,0,0,0,0,0,8,0,0,0,0,0,0,0,0,15,1,2
C:\Users\Acer\Desktop\GroupAssignment2-OOD\Cloned\sonic-server\sonic-server-controller\src\main\java\org\cloud\sonic\controller\services\ModulesService.java,org.cloud.sonic.controller.services.ModulesService,interface,2,5,3,2,4,1,0,0,6,0.0,0.0,0.0,4,0,0,0,0,4,4,0,0,0,0,0,0,0,0,0,0,0,0,6,0,0,0,0,0,0,0,0,0,0,0,0,0,0,9,1,0
C:\Users\Acer\Desktop\GroupAssignment2-OOD\Cloned\sonic-server\sonic-server-controller\src\main\java\org\cloud\sonic\controller\tools\PortTool.java,org.cloud.sonic.controller.tools.PortTool,class,0,0,0,0,3,1,0,3,0,0.0,NaN,NaN,1,1,1,0,0,0,1,0,0,0,1,1,1,0,0,0,0,0,0,17,1,0,1,1,0,0,3,3,0,2,2,0,0,0,12,1,0
C:\Users\Acer\Desktop\GroupAssignment2-OOD\Cloned\sonic-server\sonic-server-controller\src\main\java\org\cloud\sonic\controller\controller\TestCasesController.java,org.cloud.sonic.controller.controller.TestCasesController,class,25,25,0,25,13,1,0,15,0,0.625,0.75,0.75,8,0,8,0,0,0,8,0,0,0,3,0,0,3,0,0,0,0,0,53,10,0,3,0,0,73,0,4,0,7,2,0,0,0,44,1,0
C:\Users\Acer\Desktop\GroupAssignment2-OOD\Cloned\sonic-server\sonic-server-controller\src\main\java\org\cloud\sonic\controller\controller\ResourcesController.java,org.cloud.sonic.controller.controller.ResourcesController,class,21,22,1,21,4,1,0,10,0,0.0,1.0,1.0,4,0,4,0,0,0,4,0,0,0,1,0,0,1,0,0,0,0,3,18,4,0,0,0,0,21,2,1,0,2,0,0,0,0,20,1,0
C:\Users\Acer\Desktop\GroupAssignment2-OOD\Cloned\sonic-server\sonic-server-controller\src\main\java\org\cloud\sonic\controller\models\dto\ResourcesDTO.java,org.cloud.sonic.controller.models.dto.ResourcesDTO,class,9,14,5,9,0,1,0,0,0,NaN,-1.0,-1.0,0,0,0,0,0,0,0,0,0,0,8,0,0,8,0,0,0,0,0,10,0,0,0,0,0,17,0,0,0,8,0,0,0,0,20,1,0
C:\Users\Acer\Desktop\GroupAssignment2-OOD\Cloned\sonic-server\sonic-server-controller\src\main\java\org\cloud\sonic\controller\transport\TransportServer.java,org.cloud.sonic.controller.transport.TransportServer,class,21,22,1,21,28,1,0,38,4,0.73333335,0.5,0.5,5,0,4,1,0,0,4,0,0,0,6,0,0,6,0,0,0,0,4,132,3,1,7,1,0,67,1,13,0,19,3,0,0,0,56,1,8
C:\Users\Acer\Desktop\GroupAssignment2-OOD\Cloned\sonic-server\sonic-server-controller\src\main\java\org\cloud\sonic\controller\models\dto\GlobalParamsDTO.java,org.cloud.sonic.controller.models.dto.GlobalParamsDTO,class,11,14,3,11,0,1,0,0,0,NaN,-1.0,-1.0,0,0,0,0,0,0,0,0,0,0,4,0,0,0,0,4,0,0,0,6,0,0,0,0,0,9,0,0,0,4,0,0,0,0,16,1,0
C:\Users\Acer\Desktop\GroupAssignment2-OOD\Cloned\sonic-server\sonic-server-controller\src\main\java\org\cloud\sonic\controller\services\PublicStepsService.java,org.cloud.sonic.controller.services.PublicStepsService,interface,4,8,4,4,7,1,0,0,21,0.0,0.0,0.0,7,0,0,0,0,7,7,0,0,0,0,0,0,0,0,0,0,0,0,9,0,0,0,0,0,0,0,0,0,0,0,0,0,0,27,1,0
C:\Users\Acer\Desktop\GroupAssignment2-OOD\Cloned\sonic-server\sonic-server-controller\src\test\java\org\cloud\sonic\controller\service\impl\JobServiceImplTest.java,org.cloud.sonic.controller.service.impl.JobServiceImplTest,class,9,9,0,9,2,1,0,13,0,0.0,1.0,1.0,2,0,2,0,0,0,2,0,0,0,1,0,0,1,0,0,0,0,0,19,0,0,0,0,0,3,3,2,0,3,0,0,0,0,12,1,0
C:\Users\Acer\Desktop\GroupAssignment2-OOD\Cloned\sonic-server\sonic-server-controller\src\main\java\org\cloud\sonic\controller\services\ResultDetailService.java,org.cloud.sonic.controller.services.ResultDetailService,interface,4,9,5,4,8,1,0,0,28,0.0,0.0,0.0,8,0,0,0,0,8,8,0,0,0,0,0,0,0,0,0,0,0,0,10,0,0,0,0,0,0,0,0,0,0,0,0,0,0,30,1,0
C:\Users\Acer\Desktop\GroupAssignment2-OOD\Cloned\sonic-server\sonic-server-controller\src\main\java\org\cloud\sonic\controller\services\impl\PublicStepsServiceImpl.java,org.cloud.sonic.controller.services.impl.PublicStepsServiceImpl,class,23,24,1,23,22,3,0,65,0,0.7142858,0.5714286,1.0,7,0,7,0,0,0,7,0,0,0,7,0,0,7,0,0,0,0,6,111,7,7,3,0,1,1,8,26,5,32,4,0,0,1,60,1,0
C:\Users\Acer\Desktop\GroupAssignment2-OOD\Cloned\sonic-server\sonic-server-controller\src\main\java\org\cloud\sonic\controller\tools\robot\vendor\FeiShuImpl.java,org.cloud.sonic.controller.tools.robot.vendor.FeiShuImpl,class,9,10,1,9,10,1,0,20,0,0.2,0.5,0.5,5,0,4,1,0,0,4,0,0,0,1,0,0,1,0,0,0,0,3,94,0,0,1,1,6,106,13,29,20,29,2,0,0,0,73,1,2
C:\Users\Acer\Desktop\GroupAssignment2-OOD\Cloned\sonic-server\sonic-server-controller\src\main\java\org\cloud\sonic\controller\services\impl\base\SonicServiceImpl.java,org.cloud.sonic.controller.services.impl.base.SonicServiceImpl,class,11,32,21,11,13,2,0,19,15,0.0,0.0,0.0,6,0,1,2,3,0,4,0,0,0,0,0,0,0,0,0,0,0,4,43,8,1,2,1,0,6,5,5,0,5,2,0,0,0,43,1,0
C:\Users\Acer\Desktop\GroupAssignment2-OOD\Cloned\sonic-server\sonic-server-controller\src\main\java\org\cloud\sonic\controller\models\domain\TestSuitesTestCases.java,org.cloud.sonic.controller.models.domain.TestSuitesTestCases,class,15,18,3,15,0,1,0,0,0,NaN,-1.0,-1.0,0,0,0,0,0,0,0,0,0,0,3,0,0,3,0,0,0,0,0,5,0,0,0,0,0,11,0,0,0,3,0,0,0,0,14,1,0
C:\Users\Acer\Desktop\GroupAssignment2-OOD\Cloned\sonic-server\sonic-server-controller\src\main\java\org\cloud\sonic\controller\models\dto\TestSuitesTestCasesDTO.java,org.cloud.sonic.controller.models.dto.TestSuitesTestCasesDTO,class,9,11,2,9,0,1,0,0,0,NaN,-1.0,-1.0,0,0,0,0,0,0,0,0,0,0,3,0,0,3,0,0,0,0,0,5,0,0,0,0,0,2,0,0,0,3,0,0,0,0,17,1,0
C:\Users\Acer\Desktop\GroupAssignment2-OOD\Cloned\sonic-server\sonic-server-controller\src\main\java\org\cloud\sonic\controller\services\impl\ResourcesServiceImpl.java,org.cloud.sonic.controller.services.impl.ResourcesServiceImpl,class,26,27,1,26,28,3,0,78,49,0.8181819,0.0,0.0,11,0,7,4,0,0,7,0,0,0,2,0,0,2,0,0,0,0,10,141,10,0,10,0,0,8,5,31,0,35,3,0,0,4,68,1,0
C:\Users\Acer\Desktop\GroupAssignment2-OOD\Cloned\sonic-server\sonic-server-controller\src\main\java\org\cloud\sonic\controller\services\RolesServices.java,org.cloud.sonic.controller.services.RolesServices,interface,6,11,5,6,8,1,0,0,28,0.0,0.0,0.0,8,0,0,0,0,8,8,0,0,0,0,0,0,0,0,0,0,0,0,10,0,0,0,0,0,0,0,0,0,0,0,0,0,0,29,1,0
C:\Users\Acer\Desktop\GroupAssignment2-OOD\Cloned\sonic-server\sonic-server-controller\src\main\java\org\cloud\sonic\controller\config\SonicRunner.java,org.cloud.sonic.controller.config.SonicRunner,class,10,11,1,10,11,1,0,10,0,0.5833333,NaN,NaN,4,0,1,3,0,0,1,0,0,0,3,0,0,3,0,0,0,0,1,53,3,0,3,3,0,12,0,3,0,6,2,0,0,0,24,1,9
C:\Users\Acer\Desktop\GroupAssignment2-OOD\Cloned\sonic-server\sonic-server-controller\src\main\java\org\cloud\sonic\controller\tools\robot\vendor\TelegramImpl.java,org.cloud.sonic.controller.tools.robot.vendor.TelegramImpl,class,8,9,1,8,9,1,0,10,0,0.2,0.5,0.5,5,0,4,1,0,0,4,0,0,0,1,0,0,1,0,0,0,0,0,51,0,0,1,1,6,84,11,13,24,13,1,0,0,0,65,1,2
C:\Users\Acer\Desktop\GroupAssignment2-OOD\Cloned\sonic-server\sonic-server-controller\src\main\java\org\cloud\sonic\controller\mapper\ElementsMapper.java,org.cloud.sonic.controller.mapper.ElementsMapper,interface,2,5,3,2,0,1,0,0,0,0.0,-1.0,-1.0,0,0,0,0,0,0,0,0,0,0,0,0,0,0,0,0,0,0,0,2,0,0,0,0,0,0,0,0,0,0,0,0,0,0,5,1,0
C:\Users\Acer\Desktop\GroupAssignment2-OOD\Cloned\sonic-server\sonic-server-controller\src\main\java\org\cloud\sonic\controller\mapper\ResourcesMapper.java,org.cloud.sonic.controller.mapper.ResourcesMapper,interface,2,3,1,2,0,1,0,0,0,0.0,-1.0,-1.0,0,0,0,0,0,0,0,0,0,0,0,0,0,0,0,0,0,0,0,2,0,0,0,0,0,0,0,0,0,0,0,0,0,0,3,1,0
C:\Users\Acer\Desktop\GroupAssignment2-OOD\Cloned\sonic-server\sonic-server-controller\src\main\java\org\cloud\sonic\controller\services\impl\TestSuitesServiceImpl.java,org.cloud.sonic.controller.services.impl.TestSuitesServiceImpl$DeviceCoverHandler,innerclass,9,9,0,9,6,1,0,10,1,0.5,0.0,0.0,2,0,2,0,0,0,2,0,0,0,1,0,0,1,0,0,0,0,0,30,1,3,1,0,0,2,0,3,0,2,3,1,0,0,36,0,0
C:\Users\Acer\Desktop\GroupAssignment2-OOD\Cloned\sonic-server\sonic-server-controller\src\main\java\org\cloud\sonic\controller\mapper\PublicStepsMapper.java,org.cloud.sonic.controller.mapper.PublicStepsMapper,interface,6,9,3,6,2,1,0,0,1,0.0,0.0,0.0,2,0,0,0,0,2,2,0,0,0,0,0,0,0,0,0,0,0,0,4,0,0,0,0,0,12,0,0,2,0,0,0,0,0,31,1,0
C:\Users\Acer\Desktop\GroupAssignment2-OOD\Cloned\sonic-server\sonic-server-controller\src\main\java\org\cloud\sonic\controller\models\dto\VersionsDTO.java,org.cloud.sonic.controller.models.dto.VersionsDTO,class,13,16,3,13,0,1,0,0,0,NaN,-1.0,-1.0,0,0,0,0,0,0,0,0,0,0,4,0,0,0,0,4,0,0,0,6,0,0,0,0,0,11,0,0,0,4,0,0,0,0,20,1,0
C:\Users\Acer\Desktop\GroupAssignment2-OOD\Cloned\sonic-server\sonic-server-controller\src\main\java\org\cloud\sonic\controller\services\impl\ModulesServiceImpl.java,org.cloud.sonic.controller.services.impl.ModulesServiceImpl,class,10,10,0,10,6,3,0,8,4,0.6666667,0.16666667,0.16666667,4,0,4,0,0,0,4,0,0,0,3,0,0,3,0,0,0,0,0,20,4,0,0,0,0,0,2,1,0,4,0,0,0,0,22,1,0
C:\Users\Acer\Desktop\GroupAssignment2-OOD\Cloned\sonic-server\sonic-server-common\src\main\java\org\cloud\sonic\common\exception\SonicException.java,org.cloud.sonic.common.exception.SonicException,class,4,12,8,4,6,4,2,0,9,0.5,0.2,0.2,6,0,6,0,0,0,6,0,0,0,1,0,0,1,0,0,0,0,0,23,3,0,0,0,0,0,0,2,0,1,0,0,0,0,17,1,0
C:\Users\Acer\Desktop\GroupAssignment2-OOD\Cloned\sonic-server\sonic-server-controller\src\main\java\org\cloud\sonic\controller\mapper\UsersMapper.java,org.cloud.sonic.controller.mapper.UsersMapper,interface,2,3,1,2,0,1,0,0,0,0.0,-1.0,-1.0,0,0,0,0,0,0,0,0,0,0,0,0,0,0,0,0,0,0,0,2,0,0,0,0,0,0,0,0,0,0,0,0,0,0,5,1,0
C:\Users\Acer\Desktop\GroupAssignment2-OOD\Cloned\sonic-server\sonic-server-controller\src\main\java\org\cloud\sonic\controller\controller\ScriptsController.java,org.cloud.sonic.controller.controller.ScriptsController,class,21,21,0,21,6,1,0,6,0,0.0,1.0,1.0,4,0,4,0,0,0,4,0,0,0,1,0,0,1,0,0,0,0,1,28,6,0,1,0,0,29,0,2,0,3,1,0,0,0,23,1,0
C:\Users\Acer\Desktop\GroupAssignment2-OOD\Cloned\sonic-server\sonic-server-controller\src\main\java\org\cloud\sonic\controller\models\dto\DevicesDTO.java,org.cloud.sonic.controller.models.dto.DevicesDTO,class,13,17,4,13,8,1,0,0,6,0.95454544,0.0,0.0,4,0,4,0,0,0,4,0,0,0,22,0,0,0,0,22,0,0,0,48,8,0,4,0,0,41,4,0,0,22,1,0,0,0,46,1,0
C:\Users\Acer\Desktop\GroupAssignment2-OOD\Cloned\sonic-server\sonic-server-controller\src\main\java\org\cloud\sonic\controller\services\PackagesService.java,org.cloud.sonic.controller.services.PackagesService,interface,4,7,3,4,2,1,0,0,1,0.0,0.0,0.0,2,0,0,0,0,2,2,0,0,0,0,0,0,0,0,0,0,0,0,4,0,0,0,0,0,0,0,0,0,0,0,0,0,0,10,1,0
C:\Users\Acer\Desktop\GroupAssignment2-OOD\Cloned\sonic-server\sonic-server-controller\src\main\java\org\cloud\sonic\controller\controller\VersionsController.java,org.cloud.sonic.controller.controller.VersionsController,class,18,18,0,18,6,1,0,5,0,0.0,1.0,1.0,4,0,4,0,0,0,4,0,0,0,1,0,0,1,0,0,0,0,0,27,6,0,1,0,0,20,0,1,0,2,1,0,0,0,18,1,0
C:\Users\Acer\Desktop\GroupAssignment2-OOD\Cloned\sonic-server\sonic-server-folder\src\main\java\org\cloud\sonic\folder\tools\FileTool.java,org.cloud.sonic.folder.tools.FileTool,class,7,10,3,7,21,1,0,31,0,0.25,1.0,1.0,4,0,4,0,0,0,4,0,0,0,2,0,0,2,0,0,1,0,6,106,4,4,1,4,1,24,9,25,11,23,4,0,0,0,50,1,5
C:\Users\Acer\Desktop\GroupAssignment2-OOD\Cloned\sonic-server\sonic-server-controller\src\main\java\org\cloud\sonic\controller\mapper\AgentsMapper.java,org.cloud.sonic.controller.mapper.AgentsMapper,interface,2,4,2,2,0,1,0,0,0,0.0,-1.0,-1.0,0,0,0,0,0,0,0,0,0,0,0,0,0,0,0,0,0,0,0,2,0,0,0,0,0,0,0,0,0,0,0,0,0,0,5,1,0
C:\Users\Acer\Desktop\GroupAssignment2-OOD\Cloned\sonic-server\sonic-server-controller\src\main\java\org\cloud\sonic\controller\models\http\UserInfo.java,org.cloud.sonic.controller.models.http.UserInfo,class,2,5,3,2,4,1,0,0,2,0.5,0.33333334,0.33333334,4,0,4,0,0,0,4,0,0,0,2,0,0,2,0,0,0,0,0,16,2,0,0,0,0,5,0,2,0,2,0,0,0,0,11,1,0
C:\Users\Acer\Desktop\GroupAssignment2-OOD\Cloned\sonic-server\sonic-server-controller\src\main\java\org\cloud\sonic\controller\controller\ProjectsController.java,org.cloud.sonic.controller.controller.ProjectsController,class,19,19,0,19,5,1,0,10,0,0.0,1.0,1.0,4,0,4,0,0,0,4,0,0,0,1,0,0,1,0,0,0,0,1,23,5,0,1,0,0,17,0,1,0,2,1,0,0,0,22,1,0
C:\Users\Acer\Desktop\GroupAssignment2-OOD\Cloned\sonic-server\sonic-server-controller\src\main\java\org\cloud\sonic\controller\models\interfaces\DeviceStatus.java,org.cloud.sonic.controller.models.interfaces.DeviceStatus,interface,0,0,0,0,0,1,0,0,0,NaN,-1.0,-1.0,0,0,0,0,0,0,0,0,0,0,7,0,0,0,0,7,0,0,0,9,0,0,0,0,0,7,0,7,0,7,0,0,0,0,22,1,0
C:\Users\Acer\Desktop\GroupAssignment2-OOD\Cloned\sonic-server\sonic-server-controller\src\main\java\org\cloud\sonic\controller\services\JobsService.java,org.cloud.sonic.controller.services.JobsService,interface,5,10,5,5,8,1,0,0,28,0.0,0.0,0.0,8,0,0,0,0,8,8,0,0,0,0,0,0,0,0,0,0,0,0,10,0,0,0,0,0,0,0,0,0,0,0,0,0,0,23,1,0
C:\Users\Acer\Desktop\GroupAssignment2-OOD\Cloned\sonic-server\sonic-server-controller\src\main\java\org\cloud\sonic\controller\mapper\PublicStepsStepsMapper.java,org.cloud.sonic.controller.mapper.PublicStepsStepsMapper,interface,2,4,2,2,0,1,0,0,0,0.0,-1.0,-1.0,0,0,0,0,0,0,0,0,0,0,0,0,0,0,0,0,0,0,0,2,0,0,0,0,0,0,0,0,0,0,0,0,0,0,6,1,0
C:\Users\Acer\Desktop\GroupAssignment2-OOD\Cloned\sonic-server\sonic-server-controller\src\main\java\org\cloud\sonic\controller\services\GlobalParamsService.java,org.cloud.sonic.controller.services.GlobalParamsService,interface,2,7,5,2,4,1,0,0,6,0.0,0.0,0.0,4,0,0,0,0,4,4,0,0,0,0,0,0,0,0,0,0,0,0,6,0,0,0,0,0,0,0,0,0,0,0,0,0,0,11,1,0
C:\Users\Acer\Desktop\GroupAssignment2-OOD\Cloned\sonic-server\sonic-server-controller\src\main\java\org\cloud\sonic\controller\models\dto\ProjectsDTO.java,org.cloud.sonic.controller.models.dto.ProjectsDTO,class,11,14,3,11,0,1,0,0,0,NaN,-1.0,-1.0,0,0,0,0,0,0,0,0,0,0,8,0,0,0,0,8,0,0,0,10,0,0,0,0,0,19,0,0,0,8,0,0,0,0,24,1,0
C:\Users\Acer\Desktop\GroupAssignment2-OOD\Cloned\sonic-server\sonic-server-controller\src\main\java\org\cloud\sonic\controller\controller\AgentsController.java,org.cloud.sonic.controller.controller.AgentsController,class,16,16,0,16,5,1,0,11,0,0.25,0.5,0.5,4,0,4,0,0,0,4,0,0,0,1,0,0,1,0,0,0,0,2,27,5,0,1,0,0,26,0,2,0,3,1,0,0,0,24,1,0
C:\Users\Acer\Desktop\GroupAssignment2-OOD\Cloned\sonic-server\sonic-server-controller\src\main\java\org\cloud\sonic\controller\models\dto\PublicStepsStepsDTO.java,org.cloud.sonic.controller.models.dto.PublicStepsStepsDTO,class,9,11,2,9,0,1,0,0,0,NaN,-1.0,-1.0,0,0,0,0,0,0,0,0,0,0,2,0,0,2,0,0,0,0,0,4,0,0,0,0,0,2,0,0,0,2,0,0,0,0,16,1,0
C:\Users\Acer\Desktop\GroupAssignment2-OOD\Cloned\sonic-server\sonic-server-controller\src\main\java\org\cloud\sonic\controller\services\impl\AgentsServiceImpl.java,org.cloud.sonic.controller.services.impl.AgentsServiceImpl,class,14,16,2,14,26,3,0,45,55,0.939394,0.0,0.0,11,0,11,0,0,0,11,0,0,0,3,0,0,3,0,0,0,0,2,106,7,1,7,0,2,17,8,8,1,11,3,0,0,0,58,1,0
C:\Users\Acer\Desktop\GroupAssignment2-OOD\Cloned\sonic-server\sonic-server-controller\src\main\java\org\cloud\sonic\controller\models\dto\ScriptsDTO.java,org.cloud.sonic.controller.models.dto.ScriptsDTO,class,9,12,3,9,0,1,0,0,0,NaN,-1.0,-1.0,0,0,0,0,0,0,0,0,0,0,5,0,0,0,0,5,0,0,0,7,0,0,0,0,0,11,0,0,0,5,0,0,0,0,16,1,0
C:\Users\Acer\Desktop\GroupAssignment2-OOD\Cloned\sonic-server\sonic-server-controller\src\main\java\org\cloud\sonic\controller\models\interfaces\UserLoginType.java,org.cloud.sonic.controller.models.interfaces.UserLoginType,interface,0,0,0,0,0,1,0,0,0,NaN,-1.0,-1.0,0,0,0,0,0,0,0,0,0,0,2,0,0,0,0,2,0,0,0,4,0,0,0,0,0,2,0,2,0,2,0,0,0,0,9,1,0
C:\Users\Acer\Desktop\GroupAssignment2-OOD\Cloned\sonic-server\sonic-server-controller\src\main\java\org\cloud\sonic\controller\services\impl\RolesServiceImpl.java,org.cloud.sonic.controller.services.impl.RolesServiceImpl,class,14,14,0,14,11,3,0,38,22,0.625,0.10714286,0.10714286,8,0,8,0,0,0,8,0,0,0,1,0,0,1,0,0,0,0,6,47,4,0,1,0,0,0,1,7,0,12,1,0,0,3,45,1,0
C:\Users\Acer\Desktop\GroupAssignment2-OOD\Cloned\sonic-server\sonic-server-controller\src\main\java\org\cloud\sonic\controller\config\WebSocketConfig.java,org.cloud.sonic.controller.config.WebSocketConfig,class,4,4,0,4,2,1,0,0,1,0.0,0.0,0.0,2,0,2,0,0,0,2,0,0,0,0,0,0,0,0,0,0,0,0,8,2,0,0,0,0,0,0,0,0,0,0,0,0,0,11,1,0
C:\Users\Acer\Desktop\GroupAssignment2-OOD\Cloned\sonic-server\sonic-server-controller\src\main\java\org\cloud\sonic\controller\models\enums\SonicEnum.java,org.cloud.sonic.controller.models.enums.SonicEnum,interface,3,5,2,3,2,1,0,10,1,0.0,0.0,0.0,2,1,0,0,0,2,2,0,0,0,0,0,0,0,0,0,0,0,1,9,1,0,0,0,0,4,0,0,1,1,0,0,0,2,21,1,0
C:\Users\Acer\Desktop\GroupAssignment2-OOD\Cloned\sonic-server\sonic-server-controller\src\main\java\org\cloud\sonic\controller\services\TestCasesService.java,org.cloud.sonic.controller.services.TestCasesService,interface,6,14,8,6,10,1,0,0,45,0.0,0.0,0.0,10,0,0,0,0,10,10,0,0,0,0,0,0,0,0,0,0,0,0,12,0,0,0,0,0,0,0,0,0,0,0,0,0,0,39,1,0
C:\Users\Acer\Desktop\GroupAssignment2-OOD\Cloned\sonic-server\sonic-server-controller\src\main\java\org\cloud\sonic\controller\controller\ResultsController.java,org.cloud.sonic.controller.controller.ResultsController,class,18,18,0,18,11,1,0,10,0,0.0,1.0,1.0,9,0,9,0,0,0,9,0,0,0,1,0,0,1,0,0,0,0,1,46,11,0,1,0,0,57,1,2,0,3,1,0,0,0,37,1,0
C:\Users\Acer\Desktop\GroupAssignment2-OOD\Cloned\sonic-server\sonic-server-controller\src\main\java\org\cloud\sonic\controller\models\interfaces\AgentStatus.java,org.cloud.sonic.controller.models.interfaces.AgentStatus,interface,0,0,0,0,0,1,0,0,0,NaN,-1.0,-1.0,0,0,0,0,0,0,0,0,0,0,2,0,0,0,0,2,0,0,0,4,0,0,0,0,0,0,2,2,0,2,0,0,0,0,11,1,0
C:\Users\Acer\Desktop\GroupAssignment2-OOD\Cloned\sonic-server\sonic-server-common\src\main\java\org\cloud\sonic\common\config\GlobalWebException.java,org.cloud.sonic.common.config.GlobalWebException,class,11,12,1,11,6,1,0,4,0,0.0,NaN,NaN,1,0,1,0,0,0,1,0,0,0,1,0,0,1,0,0,1,0,0,25,6,0,0,0,0,0,2,1,0,1,1,0,0,0,27,1,1
C:\Users\Acer\Desktop\GroupAssignment2-OOD\Cloned\sonic-server\sonic-server-controller\src\main\java\org\cloud\sonic\controller\controller\JobsController.java,org.cloud.sonic.controller.controller.JobsController,class,22,22,0,22,8,1,0,10,0,0.0,1.0,1.0,7,0,7,0,0,0,7,0,0,0,1,0,0,1,0,0,0,0,1,32,8,0,1,0,0,47,0,2,0,3,1,0,0,0,38,1,0
C:\Users\Acer\Desktop\GroupAssignment2-OOD\Cloned\sonic-server\sonic-server-controller\src\main\java\org\cloud\sonic\controller\models\enums\ConditionEnum.java,org.cloud.sonic.controller.models.enums.ConditionEnum,enum,1,3,2,1,3,1,0,0,0,0.33333334,0.6666667,1.0,3,0,2,0,0,1,3,0,0,0,2,0,0,2,0,0,2,0,0,18,2,0,0,0,0,5,5,2,0,2,0,0,0,0,23,1,0
C:\Users\Acer\Desktop\GroupAssignment2-OOD\Cloned\sonic-server\sonic-server-controller\src\main\java\org\cloud\sonic\controller\models\domain\ConfList.java,org.cloud.sonic.controller.models.domain.ConfList,class,16,19,3,16,0,1,0,0,0,NaN,-1.0,-1.0,0,0,0,0,0,0,0,0,0,0,6,0,0,4,0,2,0,0,0,8,0,0,0,0,0,24,0,0,0,6,0,0,0,0,21,1,0
C:\Users\Acer\Desktop\GroupAssignment2-OOD\Cloned\sonic-server\sonic-server-controller\src\main\java\org\cloud\sonic\controller\services\ScriptsService.java,org.cloud.sonic.controller.services.ScriptsService,interface,3,6,3,3,4,1,0,0,6,0.0,0.0,0.0,4,0,0,0,0,4,4,0,0,0,0,0,0,0,0,0,0,0,0,6,0,0,0,0,0,0,0,0,0,0,0,0,0,0,11,1,0
C:\Users\Acer\Desktop\GroupAssignment2-OOD\Cloned\sonic-server\sonic-server-controller\src\main\java\org\cloud\sonic\controller\models\domain\TestSuites.java,org.cloud.sonic.controller.models.domain.TestSuites,class,18,24,6,18,0,1,0,0,0,NaN,-1.0,-1.0,0,0,0,0,0,0,0,0,0,0,7,0,0,7,0,0,0,0,0,9,0,0,0,0,0,16,0,0,0,7,0,0,0,0,21,1,0
C:\Users\Acer\Desktop\GroupAssignment2-OOD\Cloned\sonic-server\sonic-server-controller\src\main\java\org\cloud\sonic\controller\tools\robot\vendor\WeChatImpl.java,org.cloud.sonic.controller.tools.robot.vendor.WeChatImpl,class,10,11,1,10,13,1,0,11,0,0.6,0.5,0.5,5,0,4,1,0,0,4,0,0,0,2,0,0,2,0,0,1,0,0,81,0,0,5,1,6,97,15,21,27,17,1,0,0,0,66,1,2
C:\Users\Acer\Desktop\GroupAssignment2-OOD\Cloned\sonic-server\sonic-server-controller\src\main\java\org\cloud\sonic\controller\models\domain\Steps.java,org.cloud.sonic.controller.models.domain.Steps,class,18,27,9,18,0,1,0,0,0,NaN,-1.0,-1.0,0,0,0,0,0,0,0,0,0,0,12,0,0,12,0,0,0,0,0,14,0,0,0,0,0,29,0,0,0,12,0,0,0,0,28,1,0
C:\Users\Acer\Desktop\GroupAssignment2-OOD\Cloned\sonic-server\sonic-server-controller\src\main\java\org\cloud\sonic\controller\models\interfaces\UserRoles.java,org.cloud.sonic.controller.models.interfaces.UserRoles,interface,0,0,0,0,0,1,0,0,0,NaN,-1.0,-1.0,0,0,0,0,0,0,0,0,0,0,3,0,0,0,0,3,0,0,0,5,0,0,0,0,0,0,3,3,0,3,0,0,0,0,15,1,0
C:\Users\Acer\Desktop\GroupAssignment2-OOD\Cloned\sonic-server\sonic-server-controller\src\main\java\org\cloud\sonic\controller\models\domain\Agents.java,org.cloud.sonic.controller.models.domain.Agents,class,17,27,10,17,0,1,0,0,0,NaN,-1.0,-1.0,0,0,0,0,0,0,0,0,0,0,15,0,0,15,0,0,0,0,0,17,0,0,0,0,0,37,0,0,0,15,0,0,0,0,29,1,0
C:\Users\Acer\Desktop\GroupAssignment2-OOD\Cloned\sonic-server\sonic-server-controller\src\main\java\org\cloud\sonic\controller\services\ElementsService.java,org.cloud.sonic.controller.services.ElementsService,interface,8,15,7,8,8,1,0,0,28,0.0,0.0,0.0,8,0,0,0,0,8,8,0,0,0,0,0,0,0,0,0,0,0,0,10,0,0,0,0,0,0,0,0,0,0,0,0,0,0,29,1,0
C:\Users\Acer\Desktop\GroupAssignment2-OOD\Cloned\sonic-server\sonic-server-controller\src\main\java\org\cloud\sonic\controller\models\domain\RoleResources.java,org.cloud.sonic.controller.models.domain.RoleResources,class,15,17,2,15,0,1,0,0,0,NaN,-1.0,-1.0,0,0,0,0,0,0,0,0,0,0,5,0,0,3,0,2,0,0,0,7,0,0,0,0,0,21,0,0,0,5,0,0,0,0,20,1,0
C:\Users\Acer\Desktop\GroupAssignment2-OOD\Cloned\sonic-server\sonic-server-controller\src\main\java\org\cloud\sonic\controller\services\impl\ScriptsServiceImpl.java,org.cloud.sonic.controller.services.impl.ScriptsServiceImpl,class,9,9,0,9,10,3,0,9,4,0.5,0.16666667,0.16666667,4,0,4,0,0,0,4,0,0,0,1,0,0,1,0,0,0,0,0,15,4,0,3,0,2,0,4,0,0,1,0,0,0,0,20,1,0
C:\Users\Acer\Desktop\GroupAssignment2-OOD\Cloned\sonic-server\sonic-server-controller\src\main\java\org\cloud\sonic\controller\feign\FolderFeignClient.java,org.cloud.sonic.controller.feign.FolderFeignClient,interface,5,7,2,5,1,1,0,0,0,0.0,NaN,NaN,1,0,0,0,0,1,1,0,0,0,0,0,0,0,0,0,0,0,0,3,0,0,0,0,0,3,0,0,0,0,0,0,0,0,10,1,0
C:\Users\Acer\Desktop\GroupAssignment2-OOD\Cloned\sonic-server\sonic-server-controller\src\main\java\org\cloud\sonic\controller\models\base\CommentPage.java,org.cloud.sonic.controller.models.base.CommentPage,class,6,39,33,6,3,1,0,5,3,0.9333334,0.0,0.0,3,3,3,0,0,0,3,0,0,0,5,0,0,5,0,0,0,0,0,16,3,0,0,0,0,0,6,0,2,5,0,0,0,0,15,1,0
C:\Users\Acer\Desktop\GroupAssignment2-OOD\Cloned\sonic-server\sonic-server-controller\src\main\java\org\cloud\sonic\controller\services\impl\GlobalParamsServiceImpl.java,org.cloud.sonic.controller.services.impl.GlobalParamsServiceImpl,class,7,8,1,7,6,3,0,6,6,1.0,0.0,0.0,4,0,4,0,0,0,4,0,0,0,1,0,0,1,0,0,0,0,0,15,4,0,0,0,0,0,2,0,0,1,0,0,0,0,19,1,0
C:\Users\Acer\Desktop\GroupAssignment2-OOD\Cloned\sonic-server\sonic-server-controller\src\main\java\org\cloud\sonic\controller\models\interfaces\ResultDetailStatus.java,org.cloud.sonic.controller.models.interfaces.ResultDetailStatus,interface,0,0,0,0,0,1,0,0,0,NaN,-1.0,-1.0,0,0,0,0,0,0,0,0,0,0,3,0,0,0,0,3,0,0,0,5,0,0,0,0,0,0,3,3,0,3,0,0,0,0,12,1,0
C:\Users\Acer\Desktop\GroupAssignment2-OOD\Cloned\sonic-server\sonic-server-controller\src\main\java\org\cloud\sonic\controller\services\VersionsService.java,org.cloud.sonic.controller.services.VersionsService,interface,2,5,3,2,4,1,0,0,6,0.0,0.0,0.0,4,0,0,0,0,4,4,0,0,0,0,0,0,0,0,0,0,0,0,6,0,0,0,0,0,0,0,0,0,0,0,0,0,0,12,1,0
C:\Users\Acer\Desktop\GroupAssignment2-OOD\Cloned\sonic-server\sonic-server-controller\src\main\java\org\cloud\sonic\controller\services\ResultsService.java,org.cloud.sonic.controller.services.ResultsService,interface,5,12,7,5,12,1,0,0,66,0.0,0.0,0.0,12,0,0,0,0,12,12,0,0,0,0,0,0,0,0,0,0,0,0,14,0,0,0,0,0,0,0,0,0,0,0,0,0,0,32,1,0
C:\Users\Acer\Desktop\GroupAssignment2-OOD\Cloned\sonic-server\sonic-server-controller\src\main\java\org\cloud\sonic\controller\models\domain\Roles.java,org.cloud.sonic.controller.models.domain.Roles,class,18,24,6,18,0,1,0,0,0,NaN,-1.0,-1.0,0,0,0,0,0,0,0,0,0,0,5,0,0,3,0,2,0,0,0,7,0,0,0,0,0,21,0,0,0,5,0,0,0,0,28,1,0
C:\Users\Acer\Desktop\GroupAssignment2-OOD\Cloned\sonic-server\sonic-server-controller\src\main\java\org\cloud\sonic\controller\services\impl\TestSuitesServiceImpl.java,org.cloud.sonic.controller.services.impl.TestSuitesServiceImpl,class,41,44,3,41,79,3,0,112,110,0.9114583,0.045454547,0.045454547,16,0,12,4,0,0,12,0,0,0,12,0,0,12,0,0,0,0,14,397,25,16,25,0,0,53,33,67,7,71,4,2,3,2,111,1,0
C:\Users\Acer\Desktop\GroupAssignment2-OOD\Cloned\sonic-server\sonic-server-controller\src\main\java\org\cloud\sonic\controller\models\dto\ResultsDTO.java,org.cloud.sonic.controller.models.dto.ResultsDTO,class,10,12,2,10,0,1,0,0,0,NaN,-1.0,-1.0,0,0,0,0,0,0,0,0,0,0,10,0,0,0,0,10,0,0,0,12,0,0,0,0,0,25,0,0,0,10,0,0,0,0,27,1,0
C:\Users\Acer\Desktop\GroupAssignment2-OOD\Cloned\sonic-server\sonic-server-eureka\src\main\java\org\cloud\sonic\eureka\EurekaApplication.java,org.cloud.sonic.eureka.EurekaApplication,class,3,4,1,3,1,1,0,1,0,0.0,NaN,NaN,1,1,1,0,0,0,1,0,0,0,0,0,0,0,0,0,0,0,0,5,0,0,0,0,0,0,0,0,0,0,0,0,0,0,4,1,0
C:\Users\Acer\Desktop\GroupAssignment2-OOD\Cloned\sonic-server\sonic-server-common\src\main\java\org\cloud\sonic\common\config\WebAspectConfig.java,org.cloud.sonic.common.config.WebAspectConfig,class,12,13,1,12,4,1,0,16,0,0.25,0.5,0.5,4,0,4,0,0,0,4,0,0,0,1,0,0,1,0,0,1,0,1,24,0,0,0,0,0,15,0,5,2,5,0,0,0,0,36,1,3
C:\Users\Acer\Desktop\GroupAssignment2-OOD\Cloned\sonic-server\sonic-server-controller\src\main\java\org\cloud\sonic\controller\quartz\QuartzJob.java,org.cloud.sonic.controller.quartz.QuartzJob,class,13,14,1,13,9,2,0,19,0,0.0,NaN,NaN,1,0,0,0,1,0,1,0,0,0,4,0,0,4,0,0,0,0,2,58,1,0,2,1,6,15,9,7,12,11,3,0,0,0,40,1,8
C:\Users\Acer\Desktop\GroupAssignment2-OOD\Cloned\sonic-server\sonic-server-controller\src\main\java\org\cloud\sonic\controller\models\domain\Modules.java,org.cloud.sonic.controller.models.domain.Modules,class,18,25,7,18,0,1,0,0,0,NaN,-1.0,-1.0,0,0,0,0,0,0,0,0,0,0,3,0,0,3,0,0,0,0,0,5,0,0,0,0,0,9,0,0,0,3,0,0,0,0,12,1,0
C:\Users\Acer\Desktop\GroupAssignment2-OOD\Cloned\sonic-server\sonic-server-controller\src\main\java\org\cloud\sonic\controller\controller\GlobalParamsController.java,org.cloud.sonic.controller.controller.GlobalParamsController,class,18,18,0,18,6,1,0,5,0,0.0,1.0,1.0,4,0,4,0,0,0,4,0,0,0,1,0,0,1,0,0,0,0,0,27,6,0,1,0,0,20,0,1,0,2,1,0,0,0,19,1,0
C:\Users\Acer\Desktop\GroupAssignment2-OOD\Cloned\sonic-server\sonic-server-controller\src\main\java\org\cloud\sonic\controller\models\interfaces\CoverType.java,org.cloud.sonic.controller.models.interfaces.CoverType,interface,0,0,0,0,0,1,0,0,0,NaN,-1.0,-1.0,0,0,0,0,0,0,0,0,0,0,2,0,0,0,0,2,0,0,0,4,0,0,0,0,0,0,2,2,0,2,0,0,0,0,9,1,0
C:\Users\Acer\Desktop\GroupAssignment2-OOD\Cloned\sonic-server\sonic-server-controller\src\main\java\org\cloud\sonic\controller\models\http\OccupyParams.java,org.cloud.sonic.controller.models.http.OccupyParams,class,3,6,3,3,0,1,0,0,0,NaN,-1.0,-1.0,0,0,0,0,0,0,0,0,0,0,6,0,0,6,0,0,0,0,0,8,0,0,0,0,0,13,0,0,0,6,0,0,0,0,15,1,0
C:\Users\Acer\Desktop\GroupAssignment2-OOD\Cloned\sonic-server\sonic-server-gateway\src\main\java\org\cloud\sonic\gateway\config\CORSConfig.java,org.cloud.sonic.gateway.config.CORSConfig,class,6,6,0,6,1,1,0,5,0,0.0,NaN,NaN,1,0,1,0,0,0,1,0,0,0,0,0,0,0,0,0,0,0,0,12,1,0,0,0,0,4,0,2,0,2,0,0,0,0,19,1,0
C:\Users\Acer\Desktop\GroupAssignment2-OOD\Cloned\sonic-server\sonic-server-common\src\main\java\org\cloud\sonic\common\http\RespEnum.java,org.cloud.sonic.common.http.RespEnum,enum,0,1,1,0,5,1,0,0,0,0.4,0.6,1.0,5,0,4,0,0,1,5,0,0,0,2,0,0,2,0,0,0,0,0,19,2,0,0,0,0,23,23,4,0,2,0,0,0,0,36,1,0
C:\Users\Acer\Desktop\GroupAssignment2-OOD\Cloned\sonic-server\sonic-server-eureka\src\main\java\org\cloud\sonic\eureka\config\WebSecurityConfig.java,org.cloud.sonic.eureka.config.WebSecurityConfig,class,3,3,0,3,1,1,0,2,0,0.0,NaN,NaN,1,0,1,0,0,0,1,0,0,0,0,0,0,0,0,0,0,0,0,5,1,0,0,0,0,2,0,0,0,1,0,0,0,1,10,1,0
C:\Users\Acer\Desktop\GroupAssignment2-OOD\Cloned\sonic-server\sonic-server-controller\src\main\java\org\cloud\sonic\controller\models\dto\AgentsDTO.java,org.cloud.sonic.controller.models.dto.AgentsDTO,class,11,14,3,11,0,1,0,0,0,NaN,-1.0,-1.0,0,0,0,0,0,0,0,0,0,0,14,0,0,0,0,14,0,0,0,16,0,0,0,0,0,29,0,0,0,14,0,0,0,0,26,1,0
C:\Users\Acer\Desktop\GroupAssignment2-OOD\Cloned\sonic-server\sonic-server-controller\src\main\java\org\cloud\sonic\controller\controller\TestSuitesController.java,org.cloud.sonic.controller.controller.TestSuitesController,class,20,20,0,20,13,1,0,9,0,0.35714287,1.0,1.0,7,0,7,0,0,0,7,0,0,0,2,0,0,2,0,0,0,0,0,54,9,0,5,0,0,47,0,10,0,10,2,0,0,0,39,1,0
C:\Users\Acer\Desktop\GroupAssignment2-OOD\Cloned\sonic-server\sonic-server-controller\src\main\java\org\cloud\sonic\controller\services\impl\TestSuitesServiceImpl.java,org.cloud.sonic.controller.services.impl.TestSuitesServiceImpl$Anonymous2,anonymous,0,0,0,0,1,1,0,1,0,0.0,NaN,NaN,0,0,0,0,0,0,1,0,0,0,0,0,0,0,0,0,0,0,0,5,0,0,0,0,0,0,0,0,0,0,0,0,0,0,2,-1,0
C:\Users\Acer\Desktop\GroupAssignment2-OOD\Cloned\sonic-server\sonic-server-controller\src\main\java\org\cloud\sonic\controller\services\impl\DevicesServiceImpl.java,org.cloud.sonic.controller.services.impl.DevicesServiceImpl,class,23,24,1,23,81,3,0,95,157,0.8947368,0.040935673,0.040935673,19,0,19,0,0,0,19,0,0,0,4,0,0,4,0,0,0,0,9,318,24,5,32,2,0,80,28,31,1,37,5,0,0,4,116,1,0
C:\Users\Acer\Desktop\GroupAssignment2-OOD\Cloned\sonic-server\sonic-server-controller\src\main\java\org\cloud\sonic\controller\services\impl\TestSuitesServiceImpl.java,org.cloud.sonic.controller.services.impl.TestSuitesServiceImpl$Anonymous1,anonymous,0,0,0,0,1,1,0,1,0,0.0,NaN,NaN,0,0,0,0,0,0,1,0,0,0,0,0,0,0,0,0,0,0,0,5,0,0,0,0,0,0,0,0,0,0,0,0,0,0,2,-1,0
C:\Users\Acer\Desktop\GroupAssignment2-OOD\Cloned\sonic-server\sonic-server-controller\src\main\java\org\cloud\sonic\controller\ControllerApplication.java,org.cloud.sonic.controller.ControllerApplication,class,8,11,3,8,1,1,0,1,0,0.0,NaN,NaN,1,1,1,0,0,0,1,0,0,0,0,0,0,0,0,0,0,0,0,5,0,0,0,0,0,5,0,0,0,0,0,0,0,0,9,1,0
C:\Users\Acer\Desktop\GroupAssignment2-OOD\Cloned\sonic-server\sonic-server-controller\src\main\java\org\cloud\sonic\controller\models\domain\Projects.java,org.cloud.sonic.controller.models.domain.Projects,class,18,24,6,18,0,1,0,0,0,NaN,-1.0,-1.0,0,0,0,0,0,0,0,0,0,0,8,0,0,8,0,0,0,0,0,10,0,0,0,0,0,21,0,0,0,8,0,0,0,0,25,1,0
C:\Users\Acer\Desktop\GroupAssignment2-OOD\Cloned\sonic-server\sonic-server-controller\src\main\java\org\cloud\sonic\controller\models\interfaces\UrlType.java,org.cloud.sonic.controller.models.interfaces.UrlType,interface,0,0,0,0,0,1,0,0,0,NaN,-1.0,-1.0,0,0,0,0,0,0,0,0,0,0,3,0,0,0,0,3,0,0,0,5,0,0,0,0,0,0,3,3,0,3,0,0,0,0,14,1,0
C:\Users\Acer\Desktop\GroupAssignment2-OOD\Cloned\sonic-server\sonic-server-controller\src\main\java\org\cloud\sonic\controller\tools\robot\RobotMessenger.java,org.cloud.sonic.controller.tools.robot.RobotMessenger,interface,1,10,9,1,4,1,0,0,6,0.0,0.0,0.0,4,0,0,0,0,4,4,0,0,0,0,0,0,0,0,0,0,0,0,6,0,0,0,0,0,0,0,0,0,0,0,0,0,0,20,1,0
C:\Users\Acer\Desktop\GroupAssignment2-OOD\Cloned\sonic-server\sonic-server-controller\src\main\java\org\cloud\sonic\controller\controller\ResultDetailController.java,org.cloud.sonic.controller.controller.ResultDetailController,class,18,18,0,18,3,1,0,4,0,0.0,1.0,1.0,3,0,3,0,0,0,3,0,0,0,1,0,0,1,0,0,0,0,1,14,3,0,0,0,0,37,1,1,0,2,0,0,0,0,23,1,0
C:\Users\Acer\Desktop\GroupAssignment2-OOD\Cloned\sonic-server\sonic-server-controller\src\main\java\org\cloud\sonic\controller\tools\SpringTool.java,org.cloud.sonic.controller.tools.SpringTool,class,5,9,4,5,5,1,0,2,4,0.5,0.16666667,0.16666667,4,3,4,0,0,0,4,0,0,0,1,1,0,1,0,0,0,0,2,17,3,0,1,0,0,0,0,2,0,1,1,0,0,0,16,17,0
C:\Users\Acer\Desktop\GroupAssignment2-OOD\Cloned\sonic-server\sonic-server-controller\src\main\java\org\cloud\sonic\controller\tools\LaunchTool.java,org.cloud.sonic.controller.tools.LaunchTool,class,5,5,0,5,1,1,0,1,0,0.0,NaN,NaN,1,0,1,0,0,0,1,0,0,0,1,0,0,1,0,0,0,0,0,6,0,0,0,0,0,0,0,0,0,1,0,0,0,0,10,1,0
C:\Users\Acer\Desktop\GroupAssignment2-OOD\Cloned\sonic-server\sonic-server-controller\src\main\java\org\cloud\sonic\controller\models\interfaces\JobStatus.java,org.cloud.sonic.controller.models.interfaces.JobStatus,interface,0,0,0,0,0,1,0,0,0,NaN,-1.0,-1.0,0,0,0,0,0,0,0,0,0,0,3,0,0,0,0,3,0,0,0,5,0,0,0,0,0,0,3,3,0,3,0,0,0,0,15,1,0
C:\Users\Acer\Desktop\GroupAssignment2-OOD\Cloned\sonic-server\sonic-server-controller\src\main\java\org\cloud\sonic\controller\config\PermissionFilter.java,org.cloud.sonic.controller.config.PermissionFilter,class,18,19,1,18,11,2,0,22,1,0.5,NaN,NaN,2,0,0,1,1,0,1,0,0,0,7,1,1,6,0,0,1,0,2,49,6,0,4,0,0,9,0,9,0,15,2,0,0,0,55,1,1
C:\Users\Acer\Desktop\GroupAssignment2-OOD\Cloned\sonic-server\sonic-server-controller\src\main\java\org\cloud\sonic\controller\models\dto\RolesDTO.java,org.cloud.sonic.controller.models.dto.RolesDTO,class,9,14,5,9,0,1,0,0,0,NaN,-1.0,-1.0,0,0,0,0,0,0,0,0,0,0,3,0,0,3,0,0,0,0,0,5,0,0,0,0,0,7,0,0,0,3,0,0,0,0,13,1,0
C:\Users\Acer\Desktop\GroupAssignment2-OOD\Cloned\sonic-server\sonic-server-controller\src\main\java\org\cloud\sonic\controller\tools\robot\vendor\SlackNotifyImpl.java,org.cloud.sonic.controller.tools.robot.vendor.SlackNotifyImpl,class,10,11,1,10,10,1,0,15,3,0.33333334,0.3,0.3,6,0,5,1,0,0,5,0,0,0,1,0,0,1,0,0,0,0,0,79,0,0,1,1,6,78,11,17,25,17,1,0,1,0,66,1,2
C:\Users\Acer\Desktop\GroupAssignment2-OOD\Cloned\sonic-server\sonic-server-folder\src\main\java\org\cloud\sonic\folder\controller\FilesController.java,org.cloud.sonic.folder.controller.FilesController,class,9,9,0,9,6,1,0,14,0,0.0,NaN,NaN,1,0,1,0,0,0,1,0,0,0,2,0,0,2,0,0,0,0,3,31,1,2,1,1,0,10,2,6,4,7,6,0,0,1,34,1,3
C:\Users\Acer\Desktop\GroupAssignment2-OOD\Cloned\sonic-server\sonic-server-controller\src\main\java\org\cloud\sonic\controller\models\interfaces\ConfType.java,org.cloud.sonic.controller.models.interfaces.ConfType,interface,0,0,0,0,0,1,0,0,0,NaN,-1.0,-1.0,0,0,0,0,0,0,0,0,0,0,3,0,0,0,0,3,0,0,0,5,0,0,0,0,0,3,0,3,0,3,0,0,0,0,17,1,0
C:\Users\Acer\Desktop\GroupAssignment2-OOD\Cloned\sonic-server\sonic-server-controller\src\main\java\org\cloud\sonic\controller\services\ProjectsService.java,org.cloud.sonic.controller.services.ProjectsService,interface,2,5,3,2,3,1,0,0,3,0.0,0.0,0.0,3,0,0,0,0,3,3,0,0,0,0,0,0,0,0,0,0,0,0,5,0,0,0,0,0,0,0,0,0,0,0,0,0,0,13,1,0
C:\Users\Acer\Desktop\GroupAssignment2-OOD\Cloned\sonic-server\sonic-server-controller\src\main\java\org\cloud\sonic\controller\services\TestSuitesService.java,org.cloud.sonic.controller.services.TestSuitesService,interface,8,15,7,8,10,1,0,0,45,0.0,0.0,0.0,10,0,0,0,0,10,10,0,0,0,0,0,0,0,0,0,0,0,0,12,0,0,0,0,0,0,0,0,0,0,0,0,0,0,34,1,0
C:\Users\Acer\Desktop\GroupAssignment2-OOD\Cloned\sonic-server\sonic-server-controller\src\main\java\org\cloud\sonic\controller\mapper\PackagesMapper.java,org.cloud.sonic.controller.mapper.PackagesMapper,interface,2,3,1,2,0,1,0,0,0,0.0,-1.0,-1.0,0,0,0,0,0,0,0,0,0,0,0,0,0,0,0,0,0,0,0,2,0,0,0,0,0,0,0,0,0,0,0,0,0,0,3,1,0
C:\Users\Acer\Desktop\GroupAssignment2-OOD\Cloned\sonic-server\sonic-server-controller\src\main\java\org\cloud\sonic\controller\mapper\ResultsMapper.java,org.cloud.sonic.controller.mapper.ResultsMapper,interface,5,6,1,5,3,1,0,0,3,0.0,0.0,0.0,3,0,0,0,0,3,3,0,0,0,0,0,0,0,0,0,0,0,0,5,0,0,0,0,0,18,0,0,1,0,0,0,0,0,46,1,0
C:\Users\Acer\Desktop\GroupAssignment2-OOD\Cloned\sonic-server\sonic-server-gateway\src\main\java\org\cloud\sonic\gateway\GatewayApplication.java,org.cloud.sonic.gateway.GatewayApplication,class,3,4,1,3,1,1,0,1,0,0.0,NaN,NaN,1,1,1,0,0,0,1,0,0,0,0,0,0,0,0,0,0,0,0,5,0,0,0,0,0,2,0,0,0,0,0,0,0,0,7,1,0
C:\Users\Acer\Desktop\GroupAssignment2-OOD\Cloned\sonic-server\sonic-server-controller\src\main\java\org\cloud\sonic\controller\models\http\ChangePwd.java,org.cloud.sonic.controller.models.http.ChangePwd,class,2,5,3,2,4,1,0,0,2,0.5,0.33333334,0.33333334,4,0,4,0,0,0,4,0,0,0,2,0,0,2,0,0,0,0,0,16,2,0,0,0,0,5,0,2,0,2,0,0,0,0,14,1,0
C:\Users\Acer\Desktop\GroupAssignment2-OOD\Cloned\sonic-server\sonic-server-controller\src\main\java\org\cloud\sonic\controller\transport\TransportWorker.java,org.cloud.sonic.controller.transport.TransportWorker,class,5,12,7,5,2,1,0,7,0,0.0,NaN,NaN,1,1,1,0,0,0,1,0,0,0,2,2,0,2,0,0,0,0,3,10,0,1,0,0,0,2,0,3,0,3,1,0,0,0,22,1,0
C:\Users\Acer\Desktop\GroupAssignment2-OOD\Cloned\sonic-server\sonic-server-controller\src\main\java\org\cloud\sonic\controller\models\interfaces\StepType.java,org.cloud.sonic.controller.models.interfaces.StepType,interface,0,0,0,0,0,1,0,0,0,NaN,-1.0,-1.0,0,0,0,0,0,0,0,0,0,0,4,0,0,0,0,4,0,0,0,6,0,0,0,0,0,0,4,4,0,4,0,0,0,0,15,1,0
C:\Users\Acer\Desktop\GroupAssignment2-OOD\Cloned\sonic-server\sonic-server-controller\src\main\java\org\cloud\sonic\controller\services\UsersService.java,org.cloud.sonic.controller.services.UsersService,interface,9,12,3,9,8,1,0,0,28,0.0,0.0,0.0,8,0,0,0,0,8,8,0,0,0,0,0,0,0,0,0,0,0,0,10,0,0,0,0,0,0,0,0,0,0,0,0,0,0,33,1,0
C:\Users\Acer\Desktop\GroupAssignment2-OOD\Cloned\sonic-server\sonic-server-controller\src\main\java\org\cloud\sonic\controller\mapper\VersionsMapper.java,org.cloud.sonic.controller.mapper.VersionsMapper,interface,2,3,1,2,0,1,0,0,0,0.0,-1.0,-1.0,0,0,0,0,0,0,0,0,0,0,0,0,0,0,0,0,0,0,0,2,0,0,0,0,0,0,0,0,0,0,0,0,0,0,5,1,0
C:\Users\Acer\Desktop\GroupAssignment2-OOD\Cloned\sonic-server\sonic-server-controller\src\main\java\org\cloud\sonic\controller\services\ResourcesService.java,org.cloud.sonic.controller.services.ResourcesService,interface,5,9,4,5,7,1,0,0,21,0.0,0.0,0.0,7,0,0,0,0,7,7,0,0,0,0,0,0,0,0,0,0,0,0,9,0,0,0,0,0,0,0,0,0,0,0,0,0,0,25,1,0
C:\Users\Acer\Desktop\GroupAssignment2-OOD\Cloned\sonic-server\sonic-server-controller\src\main\java\org\cloud\sonic\controller\mapper\StepsMapper.java,org.cloud.sonic.controller.mapper.StepsMapper,interface,7,10,3,7,4,1,0,0,6,0.0,0.0,0.0,4,0,0,0,0,4,4,0,0,0,0,0,0,0,0,0,0,0,0,6,0,0,0,0,0,19,0,0,2,0,0,0,0,0,51,1,0
C:\Users\Acer\Desktop\GroupAssignment2-OOD\Cloned\sonic-server\sonic-server-controller\src\main\java\org\cloud\sonic\controller\tools\robot\RobotFactory.java,org.cloud.sonic.controller.tools.robot.RobotFactory,class,5,6,1,5,8,1,0,0,0,1.0,NaN,NaN,1,0,1,0,0,0,1,0,0,0,1,0,0,1,0,0,0,0,0,25,1,0,0,0,0,1,0,0,0,2,1,0,0,0,12,1,0
C:\Users\Acer\Desktop\GroupAssignment2-OOD\Cloned\sonic-server\sonic-server-controller\src\main\java\org\cloud\sonic\controller\controller\UsersController.java,org.cloud.sonic.controller.controller.UsersController,class,28,28,0,28,14,1,0,21,0,0.625,0.75,0.75,8,0,8,0,0,0,8,0,0,0,3,0,0,3,0,0,0,0,4,64,12,0,4,0,0,45,4,8,0,11,3,0,0,0,51,1,0
C:\Users\Acer\Desktop\GroupAssignment2-OOD\Cloned\sonic-server\sonic-server-folder\src\main\java\org\cloud\sonic\folder\config\WebConfig.java,org.cloud.sonic.folder.config.WebConfig,class,3,3,0,3,1,2,0,4,0,0.0,NaN,NaN,1,0,0,0,1,0,1,0,0,0,0,0,0,0,0,0,0,0,5,10,0,0,0,0,0,20,0,0,5,0,0,0,0,0,20,1,0
C:\Users\Acer\Desktop\GroupAssignment2-OOD\Cloned\sonic-server\sonic-server-controller\src\main\java\org\cloud\sonic\controller\mapper\ModulesMapper.java,org.cloud.sonic.controller.mapper.ModulesMapper,interface,2,5,3,2,0,1,0,0,0,0.0,-1.0,-1.0,0,0,0,0,0,0,0,0,0,0,0,0,0,0,0,0,0,0,0,2,0,0,0,0,0,0,0,0,0,0,0,0,0,0,5,1,0
C:\Users\Acer\Desktop\GroupAssignment2-OOD\Cloned\sonic-server\sonic-server-controller\src\main\java\org\cloud\sonic\controller\services\impl\JobsServiceImpl.java,org.cloud.sonic.controller.services.impl.JobsServiceImpl,class,14,15,1,14,18,3,0,23,2,0.6666667,0.4642857,0.75,8,0,8,0,0,0,8,0,0,0,3,1,0,3,0,0,1,0,0,89,14,0,2,3,0,7,6,6,0,8,3,0,0,0,48,1,0
C:\Users\Acer\Desktop\GroupAssignment2-OOD\Cloned\sonic-server\sonic-server-controller\src\main\java\org\cloud\sonic\controller\controller\PackageController.java,org.cloud.sonic.controller.controller.PackageController,class,17,17,0,17,2,1,0,3,0,0.0,1.0,1.0,2,0,2,0,0,0,2,0,0,0,1,0,0,1,0,0,0,0,0,11,2,0,0,0,0,12,0,1,0,2,0,0,0,0,19,1,0
C:\Users\Acer\Desktop\GroupAssignment2-OOD\Cloned\sonic-server\sonic-server-controller\src\main\java\org\cloud\sonic\controller\models\http\StepSort.java,org.cloud.sonic.controller.models.http.StepSort,class,3,6,3,3,9,1,0,0,12,0.6666667,0.33333334,1.0,9,0,9,0,0,0,9,0,0,0,4,0,0,4,0,0,0,0,0,33,5,0,0,0,0,14,0,4,2,4,0,0,0,0,18,1,0
C:\Users\Acer\Desktop\GroupAssignment2-OOD\Cloned\sonic-server\sonic-server-controller\src\main\java\org\cloud\sonic\controller\services\impl\ResultsServiceImpl.java,org.cloud.sonic.controller.services.impl.ResultsServiceImpl,class,22,23,1,22,62,3,0,76,65,0.8392857,0.14285715,0.16483517,14,1,14,0,0,0,14,0,0,0,8,0,0,7,0,1,1,0,7,260,9,13,15,2,0,39,49,68,10,65,6,0,0,1,110,1,1
C:\Users\Acer\Desktop\GroupAssignment2-OOD\Cloned\sonic-server\sonic-server-controller\src\main\java\org\cloud\sonic\controller\models\base\TypeConverter.java,org.cloud.sonic.controller.models.base.TypeConverter,interface,7,70,63,7,4,1,0,7,6,0.0,0.0,0.0,4,0,0,0,0,4,4,0,0,0,0,0,0,0,0,0,0,0,5,18,3,0,0,0,0,3,1,2,0,2,0,0,0,0,42,1,0
C:\Users\Acer\Desktop\GroupAssignment2-OOD\Cloned\sonic-server\sonic-server-controller\src\main\java\org\cloud\sonic\controller\mapper\JobsMapper.java,org.cloud.sonic.controller.mapper.JobsMapper,interface,2,3,1,2,0,1,0,0,0,0.0,-1.0,-1.0,0,0,0,0,0,0,0,0,0,0,0,0,0,0,0,0,0,0,0,2,0,0,0,0,0,0,0,0,0,0,0,0,0,0,5,1,0
C:\Users\Acer\Desktop\GroupAssignment2-OOD\Cloned\sonic-server\sonic-server-gateway\src\main\java\org\cloud\sonic\gateway\config\UriWithBracketsFilter.java,org.cloud.sonic.gateway.config.UriWithBracketsFilter,class,6,6,0,6,7,1,0,13,1,0.0,0.0,0.0,2,0,2,0,0,0,2,0,0,0,0,0,0,0,0,0,0,0,0,19,2,0,1,1,1,7,3,3,3,3,2,0,0,0,61,1,0
C:\Users\Acer\Desktop\GroupAssignment2-OOD\Cloned\sonic-server\sonic-server-controller\src\main\java\org\cloud\sonic\controller\models\domain\Jobs.java,org.cloud.sonic.controller.models.domain.Jobs,class,18,26,8,18,0,1,0,0,0,NaN,-1.0,-1.0,0,0,0,0,0,0,0,0,0,0,7,0,0,7,0,0,0,0,0,9,0,0,0,0,0,17,0,0,0,7,0,0,0,0,16,1,0
C:\Users\Acer\Desktop\GroupAssignment2-OOD\Cloned\sonic-server\sonic-server-folder\src\main\java\org\cloud\sonic\folder\FolderApplication.java,org.cloud.sonic.folder.FolderApplication,class,3,4,1,3,1,1,0,1,0,0.0,NaN,NaN,1,1,1,0,0,0,1,0,0,0,0,0,0,0,0,0,0,0,0,5,0,0,0,0,0,2,0,0,0,0,0,0,0,0,7,1,0
C:\Users\Acer\Desktop\GroupAssignment2-OOD\Cloned\sonic-server\sonic-server-controller\src\main\java\org\cloud\sonic\controller\models\interfaces\JobType.java,org.cloud.sonic.controller.models.interfaces.JobType,interface,0,0,0,0,0,1,0,0,0,NaN,-1.0,-1.0,0,0,0,0,0,0,0,0,0,0,5,0,0,0,0,5,0,0,0,7,0,0,0,0,0,0,5,5,0,5,0,0,0,0,25,1,0
C:\Users\Acer\Desktop\GroupAssignment2-OOD\Cloned\sonic-server\sonic-server-controller\src\main\java\org\cloud\sonic\controller\services\impl\ProjectsServiceImpl.java,org.cloud.sonic.controller.services.impl.ProjectsServiceImpl,class,20,20,0,20,5,3,0,17,3,0.66666657,0.0,0.0,3,0,3,0,0,0,3,0,0,0,11,0,0,11,0,0,0,0,0,42,2,1,0,1,0,1,0,1,0,12,2,0,0,0,43,1,0
C:\Users\Acer\Desktop\GroupAssignment2-OOD\Cloned\sonic-server\sonic-server-controller\src\main\java\org\cloud\sonic\controller\models\domain\TestCases.java,org.cloud.sonic.controller.models.domain.TestCases,class,19,27,8,19,0,1,0,0,0,NaN,-1.0,-1.0,0,0,0,0,0,0,0,0,0,0,9,0,0,9,0,0,0,0,0,11,0,0,0,0,0,26,0,0,0,9,0,0,0,0,28,1,0
C:\Users\Acer\Desktop\GroupAssignment2-OOD\Cloned\sonic-server\sonic-server-controller\src\main\java\org\cloud\sonic\controller\services\impl\ResultDetailServiceImpl.java,org.cloud.sonic.controller.services.impl.ResultDetailServiceImpl,class,14,14,0,14,21,3,0,31,16,0.75,0.21428572,0.21428572,8,0,8,0,0,0,8,0,0,0,3,0,0,3,0,0,0,0,0,71,6,0,9,0,0,14,9,4,0,7,1,0,0,0,43,1,0
C:\Users\Acer\Desktop\GroupAssignment2-OOD\Cloned\sonic-server\sonic-server-folder\src\main\java\org\cloud\sonic\folder\controller\UploadController.java,org.cloud.sonic.folder.controller.UploadController,class,14,14,0,14,8,1,0,12,0,0.0,1.0,1.0,3,0,3,0,0,0,3,0,0,0,1,0,0,1,0,0,0,0,0,42,5,0,3,1,0,38,2,8,4,8,1,0,0,0,32,1,0
C:\Users\Acer\Desktop\GroupAssignment2-OOD\Cloned\sonic-server\sonic-server-common\src\main\java\org\cloud\sonic\common\tools\JWTTokenTool.java,org.cloud.sonic.common.tools.JWTTokenTool,class,3,9,6,3,6,1,0,16,0,0.5,0.5,0.5,4,0,4,0,0,0,4,0,0,0,2,0,0,2,0,0,0,0,4,34,6,0,0,2,0,2,1,5,0,7,1,0,0,0,41,1,0
C:\Users\Acer\Desktop\GroupAssignment2-OOD\Cloned\sonic-server\sonic-server-controller\src\main\java\org\cloud\sonic\controller\mapper\TestSuitesMapper.java,org.cloud.sonic.controller.mapper.TestSuitesMapper,interface,2,3,1,2,0,1,0,0,0,0.0,-1.0,-1.0,0,0,0,0,0,0,0,0,0,0,0,0,0,0,0,0,0,0,0,2,0,0,0,0,0,0,0,0,0,0,0,0,0,0,6,1,0
C:\Users\Acer\Desktop\GroupAssignment2-OOD\Cloned\sonic-server\sonic-server-controller\src\main\java\org\cloud\sonic\controller\mapper\ScriptsMapper.java,org.cloud.sonic.controller.mapper.ScriptsMapper,interface,2,3,1,2,0,1,0,0,0,0.0,-1.0,-1.0,0,0,0,0,0,0,0,0,0,0,0,0,0,0,0,0,0,0,0,2,0,0,0,0,0,0,0,0,0,0,0,0,0,0,3,1,0
C:\Users\Acer\Desktop\GroupAssignment2-OOD\Cloned\sonic-server\sonic-server-common\src\main\java\org\cloud\sonic\common\exception\BeanToolException.java,org.cloud.sonic.common.exception.BeanToolException,class,2,3,1,2,3,5,0,0,3,0.0,0.0,0.0,3,0,3,0,0,0,3,0,0,0,0,0,0,0,0,0,0,0,0,11,1,0,0,0,0,0,0,0,0,0,0,0,0,0,14,1,0
C:\Users\Acer\Desktop\GroupAssignment2-OOD\Cloned\sonic-server\sonic-server-controller\src\main\java\org\cloud\sonic\controller\controller\DevicesController.java,org.cloud.sonic.controller.controller.DevicesController,class,26,26,0,26,19,1,0,19,0,0.0,1.0,1.0,14,0,14,0,0,0,14,0,0,0,1,0,0,1,0,0,0,0,2,77,19,0,4,0,0,104,1,6,0,7,1,0,0,0,58,1,0
C:\Users\Acer\Desktop\GroupAssignment2-OOD\Cloned\sonic-server\sonic-server-controller\src\main\java\org\cloud\sonic\controller\models\domain\PublicSteps.java,org.cloud.sonic.controller.models.domain.PublicSteps,class,18,24,6,18,0,1,0,0,0,NaN,-1.0,-1.0,0,0,0,0,0,0,0,0,0,0,4,0,0,4,0,0,0,0,0,6,0,0,0,0,0,13,0,0,0,4,0,0,0,0,14,1,0
C:\Users\Acer\Desktop\GroupAssignment2-OOD\Cloned\sonic-server\sonic-server-controller\src\main\java\org\cloud\sonic\controller\models\interfaces\RobotType.java,org.cloud.sonic.controller.models.interfaces.RobotType,interface,0,0,0,0,0,1,0,0,0,NaN,-1.0,-1.0,0,0,0,0,0,0,0,0,0,0,7,0,0,0,0,7,0,0,0,9,0,0,0,0,0,0,7,7,0,7,0,0,0,0,14,1,0
C:\Users\Acer\Desktop\GroupAssignment2-OOD\Cloned\sonic-server\sonic-server-common\src\main\java\org\cloud\sonic\common\exception\ServerErrorException.java,org.cloud.sonic.common.exception.ServerErrorException,class,2,3,1,2,3,5,0,0,3,0.0,0.0,0.0,3,0,3,0,0,0,3,0,0,0,0,0,0,0,0,0,0,0,0,11,1,0,0,0,0,0,0,0,0,0,0,0,0,0,13,1,0
C:\Users\Acer\Desktop\GroupAssignment2-OOD\Cloned\sonic-server\sonic-server-common\src\main\java\org\cloud\sonic\common\tools\ReflectionTool.java,org.cloud.sonic.common.tools.ReflectionTool,class,3,6,3,3,10,1,0,12,6,0.0,0.0,0.0,4,3,3,1,0,0,3,0,0,0,0,0,0,0,0,0,0,0,3,37,6,1,3,0,0,3,0,5,0,4,3,0,0,0,36,1,0
C:\Users\Acer\Desktop\GroupAssignment2-OOD\Cloned\sonic-server\sonic-server-controller\src\main\java\org\cloud\sonic\controller\controller\ConfListController.java,org.cloud.sonic.controller.controller.ConfListController,class,14,14,0,14,5,1,0,8,0,0.375,1.0,1.0,4,0,4,0,0,0,4,0,0,0,2,0,0,2,0,0,0,0,3,25,4,1,0,0,0,21,0,2,2,4,1,0,0,0,23,1,0
C:\Users\Acer\Desktop\GroupAssignment2-OOD\Cloned\sonic-server\sonic-server-controller\src\main\java\org\cloud\sonic\controller\feign\fallback\FolderFeignClientFallBack.java,org.cloud.sonic.controller.feign.fallback.FolderFeignClientFallBack,class,3,4,1,3,1,1,0,0,0,0.0,NaN,NaN,1,0,1,0,0,0,1,0,0,0,0,0,0,0,0,0,0,0,0,5,1,0,0,0,0,0,0,0,0,0,0,0,0,0,9,1,0
C:\Users\Acer\Desktop\GroupAssignment2-OOD\Cloned\sonic-server\sonic-server-controller\src\main\java\org\cloud\sonic\controller\controller\PublicStepsController.java,org.cloud.sonic.controller.controller.PublicStepsController,class,21,21,0,21,9,1,0,7,0,0.5,0.71428573,0.71428573,7,0,7,0,0,0,7,0,0,0,2,0,0,2,0,0,0,0,0,38,9,0,1,0,0,47,0,2,0,4,1,0,0,0,30,1,0
C:\Users\Acer\Desktop\GroupAssignment2-OOD\Cloned\sonic-server\sonic-server-controller\src\main\java\org\cloud\sonic\controller\services\impl\ElementsServiceImpl.java,org.cloud.sonic.controller.services.impl.ElementsServiceImpl,class,24,24,0,24,27,3,0,45,32,0.84444445,0.071428575,0.071428575,9,0,8,1,0,0,8,0,0,0,5,0,0,5,0,0,0,0,3,83,14,2,8,0,0,6,8,7,1,14,2,0,0,2,57,1,0
C:\Users\Acer\Desktop\GroupAssignment2-OOD\Cloned\sonic-server\sonic-server-controller\src\main\java\org\cloud\sonic\controller\services\impl\ConfListServiceImpl.java,org.cloud.sonic.controller.services.impl.ConfListServiceImpl,class,6,7,1,6,3,3,0,9,1,0.0,0.0,0.0,2,0,2,0,0,0,2,0,0,0,0,0,0,0,0,0,0,0,0,13,1,0,1,0,0,1,0,2,0,1,1,0,0,0,17,1,0
C:\Users\Acer\Desktop\GroupAssignment2-OOD\Cloned\sonic-server\sonic-server-controller\src\main\java\org\cloud\sonic\controller\services\impl\StepsServiceImpl.java,org.cloud.sonic.controller.services.impl.StepsServiceImpl,class,28,29,1,28,50,3,0,90,104,0.8655462,0.11764706,0.15441176,17,0,17,0,0,0,17,0,0,0,7,0,0,7,0,0,0,0,11,238,25,8,11,0,1,9,25,40,12,47,5,0,0,3,81,1,0
C:\Users\Acer\Desktop\GroupAssignment2-OOD\Cloned\sonic-server\sonic-server-controller\src\main\java\org\cloud\sonic\controller\models\domain\Resources.java,org.cloud.sonic.controller.models.domain.Resources,class,19,24,5,19,0,1,0,0,0,NaN,-1.0,-1.0,0,0,0,0,0,0,0,0,0,0,10,0,0,8,0,2,0,0,0,12,0,0,0,0,0,34,0,0,0,10,0,0,0,0,24,1,0
C:\Users\Acer\Desktop\GroupAssignment2-OOD\Cloned\sonic-server\sonic-server-controller\src\main\java\org\cloud\sonic\controller\models\domain\StepsElements.java,org.cloud.sonic.controller.models.domain.StepsElements,class,15,20,5,15,0,1,0,0,0,NaN,-1.0,-1.0,0,0,0,0,0,0,0,0,0,0,2,0,0,2,0,0,0,0,0,4,0,0,0,0,0,8,0,0,0,2,0,0,0,0,13,1,0
C:\Users\Acer\Desktop\GroupAssignment2-OOD\Cloned\sonic-server\sonic-server-controller\src\main\java\org\cloud\sonic\controller\models\domain\TestSuitesDevices.java,org.cloud.sonic.controller.models.domain.TestSuitesDevices,class,16,19,3,16,0,1,0,0,0,NaN,-1.0,-1.0,0,0,0,0,0,0,0,0,0,0,3,0,0,3,0,0,0,0,0,5,0,0,0,0,0,14,0,0,0,3,0,0,0,0,15,1,0
C:\Users\Acer\Desktop\GroupAssignment2-OOD\Cloned\sonic-server\sonic-server-common\src\main\java\org\cloud\sonic\common\config\I18nConfig.java,org.cloud.sonic.common.config.I18nConfig,class,5,5,0,5,1,1,0,2,0,0.0,NaN,NaN,1,0,1,0,0,0,1,0,0,0,0,0,0,0,0,0,0,0,0,8,1,0,0,0,0,2,0,1,0,1,0,0,0,0,9,1,0
C:\Users\Acer\Desktop\GroupAssignment2-OOD\Cloned\sonic-server\sonic-server-controller\src\main\java\org\cloud\sonic\controller\models\dto\PackageDTO.java,org.cloud.sonic.controller.models.dto.PackageDTO,class,12,17,5,12,0,1,0,0,0,NaN,-1.0,-1.0,0,0,0,0,0,0,0,0,0,0,9,0,0,0,0,9,0,0,0,11,0,0,0,0,0,23,0,0,0,9,0,0,0,0,26,1,0
C:\Users\Acer\Desktop\GroupAssignment2-OOD\Cloned\sonic-server\sonic-server-controller\src\main\java\org\cloud\sonic\controller\models\dto\ResultDetailDTO.java,org.cloud.sonic.controller.models.dto.ResultDetailDTO,class,10,12,2,10,0,1,0,0,0,NaN,-1.0,-1.0,0,0,0,0,0,0,0,0,0,0,9,0,0,0,0,9,0,0,0,11,0,0,0,0,0,21,0,0,0,9,0,0,0,0,22,1,0
C:\Users\Acer\Desktop\GroupAssignment2-OOD\Cloned\sonic-server\sonic-server-common\src\main\java\org\cloud\sonic\common\tools\BeanTool.java,org.cloud.sonic.common.tools.BeanTool,class,6,8,2,6,13,1,0,20,21,0.0,0.0,0.0,7,6,4,3,0,0,4,0,0,0,0,0,0,0,0,0,0,0,7,56,7,1,2,2,0,9,1,6,1,7,2,0,0,1,70,1,0
C:\Users\Acer\Desktop\GroupAssignment2-OOD\Cloned\sonic-server\sonic-server-controller\src\main\java\org\cloud\sonic\controller\services\impl\TestSuitesServiceImpl.java,org.cloud.sonic.controller.services.impl.TestSuitesServiceImpl$DeviceCoverHandler$Anonymous3,anonymous,0,0,0,0,1,1,0,1,0,0.0,NaN,NaN,0,0,0,0,0,0,1,0,0,0,0,0,0,0,0,0,0,0,0,5,0,0,0,0,0,0,0,0,0,0,0,0,0,0,2,-1,0
C:\Users\Acer\Desktop\GroupAssignment2-OOD\Cloned\sonic-server\sonic-server-controller\src\main\java\org\cloud\sonic\controller\models\domain\Elements.java,org.cloud.sonic.controller.models.domain.Elements,class,18,24,6,18,1,1,0,6,0,0.8333333,NaN,NaN,1,1,1,0,0,0,1,0,0,0,6,0,0,6,0,0,0,0,0,12,1,0,0,0,0,22,2,1,0,7,0,0,0,0,23,1,0
C:\Users\Acer\Desktop\GroupAssignment2-OOD\Cloned\sonic-server\sonic-server-controller\src\main\java\org\cloud\sonic\controller\services\ConfListService.java,org.cloud.sonic.controller.services.ConfListService,interface,2,6,4,2,2,1,0,0,1,0.0,0.0,0.0,2,0,0,0,0,2,2,0,0,0,0,0,0,0,0,0,0,0,0,4,0,0,0,0,0,0,0,0,0,0,0,0,0,0,9,1,0
C:\Users\Acer\Desktop\GroupAssignment2-OOD\Cloned\sonic-server\sonic-server-controller\src\main\java\org\cloud\sonic\controller\tools\robot\vendor\LineNotifyImpl.java,org.cloud.sonic.controller.tools.robot.vendor.LineNotifyImpl,class,11,12,1,11,15,1,0,17,0,0.5,0.5,0.5,5,0,4,1,0,0,4,0,0,0,2,1,0,2,0,0,1,0,8,116,0,0,7,1,4,90,16,24,16,18,1,0,0,0,74,1,2
C:\Users\Acer\Desktop\GroupAssignment2-OOD\Cloned\sonic-server\sonic-server-controller\src\main\java\org\cloud\sonic\controller\controller\ElementsController.java,org.cloud.sonic.controller.controller.ElementsController,class,22,22,0,22,8,1,0,7,0,0.0,1.0,1.0,6,0,6,0,0,0,6,0,0,0,1,0,0,1,0,0,0,0,0,33,8,0,1,0,0,53,0,2,0,3,1,0,0,0,24,1,0
C:\Users\Acer\Desktop\GroupAssignment2-OOD\Cloned\sonic-server\sonic-server-controller\src\main\java\org\cloud\sonic\controller\services\impl\VersionsServiceImpl.java,org.cloud.sonic.controller.services.impl.VersionsServiceImpl,class,7,7,0,7,5,3,0,7,6,1.0,0.0,0.0,4,0,4,0,0,0,4,0,0,0,1,0,0,1,0,0,0,0,0,15,3,0,0,0,0,0,1,0,0,1,0,0,0,0,17,1,0
C:\Users\Acer\Desktop\GroupAssignment2-OOD\Cloned\sonic-server\sonic-server-controller\src\main\java\org\cloud\sonic\controller\mapper\ConfListMapper.java,org.cloud.sonic.controller.mapper.ConfListMapper,interface,2,3,1,2,0,1,0,0,0,0.0,-1.0,-1.0,0,0,0,0,0,0,0,0,0,0,0,0,0,0,0,0,0,0,0,2,0,0,0,0,0,0,0,0,0,0,0,0,0,0,4,1,0
C:\Users\Acer\Desktop\GroupAssignment2-OOD\Cloned\sonic-server\sonic-server-controller\src\main\java\org\cloud\sonic\controller\mapper\GlobalParamsMapper.java,org.cloud.sonic.controller.mapper.GlobalParamsMapper,interface,2,4,2,2,0,1,0,0,0,0.0,-1.0,-1.0,0,0,0,0,0,0,0,0,0,0,0,0,0,0,0,0,0,0,0,2,0,0,0,0,0,0,0,0,0,0,0,0,0,0,6,1,0
C:\Users\Acer\Desktop\GroupAssignment2-OOD\Cloned\sonic-server\sonic-server-controller\src\main\java\org\cloud\sonic\controller\mapper\StepsElementsMapper.java,org.cloud.sonic.controller.mapper.StepsElementsMapper,interface,5,9,4,5,1,1,0,0,0,0.0,NaN,NaN,1,0,0,0,0,1,1,0,0,0,0,0,0,0,0,0,0,0,0,3,0,0,0,0,0,5,0,0,1,0,0,0,0,0,13,1,0
C:\Users\Acer\Desktop\GroupAssignment2-OOD\Cloned\sonic-server\sonic-server-controller\src\main\java\org\cloud\sonic\controller\services\impl\UsersServiceImpl.java,org.cloud.sonic.controller.services.impl.UsersServiceImpl,class,25,26,1,25,27,3,0,55,29,0.8454546,0.17857143,0.35714287,10,0,8,2,0,0,8,0,0,0,11,0,0,11,0,0,1,0,2,137,17,0,4,2,0,25,2,22,2,30,3,0,0,1,89,1,4
C:\Users\Acer\Desktop\GroupAssignment2-OOD\Cloned\sonic-server\sonic-server-common\src\main\java\org\cloud\sonic\common\http\RespModel.java,org.cloud.sonic.common.http.RespModel,class,4,45,41,4,14,1,0,2,3,0.5238095,0.48351648,0.72527474,14,2,14,0,0,0,14,0,0,0,3,0,0,3,0,0,0,0,0,53,8,0,0,0,0,8,0,11,2,3,0,0,0,0,22,1,0
C:\Users\Acer\Desktop\GroupAssignment2-OOD\Cloned\sonic-server\sonic-server-controller\src\main\java\org\cloud\sonic\controller\models\domain\Users.java,org.cloud.sonic.controller.models.domain.Users,class,18,24,6,18,0,1,0,0,0,NaN,-1.0,-1.0,0,0,0,0,0,0,0,0,0,0,5,0,0,4,0,1,0,0,0,7,0,0,0,0,0,13,0,1,0,5,0,0,0,0,18,1,0
C:\Users\Acer\Desktop\GroupAssignment2-OOD\Cloned\sonic-server\sonic-server-controller\src\main\java\org\cloud\sonic\controller\models\dto\PublicStepsDTO.java,org.cloud.sonic.controller.models.dto.PublicStepsDTO,class,12,19,7,12,0,1,0,0,0,NaN,-1.0,-1.0,0,0,0,0,0,0,0,0,0,0,5,0,0,0,0,5,0,0,0,7,0,0,0,0,0,10,0,0,0,5,0,0,0,0,15,1,0
C:\Users\Acer\Desktop\GroupAssignment2-OOD\Cloned\sonic-server\sonic-server-controller\src\main\java\org\cloud\sonic\controller\models\domain\Results.java,org.cloud.sonic.controller.models.domain.Results,class,19,29,10,19,0,1,0,0,0,NaN,-1.0,-1.0,0,0,0,0,0,0,0,0,0,0,10,0,0,8,0,2,0,0,0,12,0,0,0,0,0,33,0,0,0,10,0,0,0,0,32,1,0
C:\Users\Acer\Desktop\GroupAssignment2-OOD\Cloned\sonic-server\sonic-server-controller\src\main\java\org\cloud\sonic\controller\mapper\ResultDetailMapper.java,org.cloud.sonic.controller.mapper.ResultDetailMapper,interface,5,6,1,5,4,1,0,0,6,0.0,0.0,0.0,4,0,0,0,0,4,4,0,0,0,0,0,0,0,0,0,0,0,0,6,0,0,0,0,0,23,0,0,4,0,0,0,0,0,49,1,0
C:\Users\Acer\Desktop\GroupAssignment2-OOD\Cloned\sonic-server\sonic-server-controller\src\main\java\org\cloud\sonic\controller\models\dto\UsersDTO.java,org.cloud.sonic.controller.models.dto.UsersDTO,class,11,16,5,11,0,1,0,0,0,NaN,-1.0,-1.0,0,0,0,0,0,0,0,0,0,0,5,0,0,0,0,5,0,0,0,7,0,0,0,0,0,11,0,0,0,5,0,0,0,0,14,1,0
C:\Users\Acer\Desktop\GroupAssignment2-OOD\Cloned\sonic-server\sonic-server-controller\src\main\java\org\cloud\sonic\controller\models\dto\TestSuitesDTO.java,org.cloud.sonic.controller.models.dto.TestSuitesDTO,class,14,25,11,14,0,1,0,0,0,NaN,-1.0,-1.0,0,0,0,0,0,0,0,0,0,0,9,0,0,0,0,9,0,0,0,11,0,0,0,0,0,17,0,0,0,9,0,0,0,0,23,1,0
C:\Users\Acer\Desktop\GroupAssignment2-OOD\Cloned\sonic-server\sonic-server-controller\src\main\java\org\cloud\sonic\controller\config\mybatis\MyBatisPlusConfig.java,org.cloud.sonic.controller.config.mybatis.MyBatisPlusConfig,class,5,5,0,5,1,1,0,1,0,0.0,NaN,NaN,1,0,1,0,0,0,1,0,0,0,0,0,0,0,0,0,0,0,0,7,1,0,0,0,0,0,0,1,0,1,0,0,0,0,16,1,0
C:\Users\Acer\Desktop\GroupAssignment2-OOD\Cloned\sonic-server\sonic-server-controller\src\test\java\org\cloud\sonic\controller\service\impl\GlobalParamsServiceImplTest.java,org.cloud.sonic.controller.service.impl.GlobalParamsServiceImplTest,class,10,10,0,10,4,1,0,22,0,0.0,1.0,1.0,4,0,4,0,0,0,4,0,0,0,2,0,0,2,0,0,0,0,1,24,0,0,0,0,0,5,12,3,0,5,0,0,0,0,15,1,0
C:\Users\Acer\Desktop\GroupAssignment2-OOD\Cloned\sonic-server\sonic-server-controller\src\main\java\org\cloud\sonic\controller\models\dto\JobsDTO.java,org.cloud.sonic.controller.models.dto.JobsDTO,class,11,14,3,11,0,1,0,0,0,NaN,-1.0,-1.0,0,0,0,0,0,0,0,0,0,0,6,0,0,0,0,6,0,0,0,8,0,0,0,0,0,13,0,0,0,6,0,0,0,0,16,1,0
C:\Users\Acer\Desktop\GroupAssignment2-OOD\Cloned\sonic-server\sonic-server-controller\src\main\java\org\cloud\sonic\controller\mapper\ProjectsMapper.java,org.cloud.sonic.controller.mapper.ProjectsMapper,interface,2,3,1,2,0,1,0,0,0,0.0,-1.0,-1.0,0,0,0,0,0,0,0,0,0,0,0,0,0,0,0,0,0,0,0,2,0,0,0,0,0,0,0,0,0,0,0,0,0,0,5,1,0
C:\Users\Acer\Desktop\GroupAssignment2-OOD\Cloned\sonic-server\sonic-server-controller\src\main\java\org\cloud\sonic\controller\services\impl\TestCasesServiceImpl.java,org.cloud.sonic.controller.services.impl.TestCasesServiceImpl,class,29,30,1,29,40,3,0,75,43,0.8888889,0.10909091,0.10909091,11,0,11,0,0,0,11,0,0,0,9,0,0,9,0,0,0,0,5,157,17,8,10,0,1,9,13,30,5,37,4,0,0,0,91,1,0
C:\Users\Acer\Desktop\GroupAssignment2-OOD\Cloned\sonic-server\sonic-server-controller\src\main\java\org\cloud\sonic\controller\models\domain\Packages.java,org.cloud.sonic.controller.models.domain.Packages,class,18,21,3,18,0,1,0,0,0,NaN,-1.0,-1.0,0,0,0,0,0,0,0,0,0,0,9,0,0,7,0,2,0,0,0,11,0,0,0,0,0,29,0,0,0,9,0,0,0,0,26,1,0
C:\Users\Acer\Desktop\GroupAssignment2-OOD\Cloned\sonic-server\sonic-server-controller\src\main\java\org\cloud\sonic\controller\models\interfaces\ResultStatus.java,org.cloud.sonic.controller.models.interfaces.ResultStatus,interface,0,0,0,0,0,1,0,0,0,NaN,-1.0,-1.0,0,0,0,0,0,0,0,0,0,0,4,0,0,0,0,4,0,0,0,6,0,0,0,0,0,0,4,4,0,4,0,0,0,0,16,1,0
C:\Users\Acer\Desktop\GroupAssignment2-OOD\Cloned\sonic-server\sonic-server-controller\src\main\java\org\cloud\sonic\controller\services\impl\TestSuitesServiceImpl.java,org.cloud.sonic.controller.services.impl.TestSuitesServiceImpl$CoverHandler,interface,4,4,0,4,2,1,0,0,1,0.0,0.0,0.0,2,0,0,0,0,2,2,0,0,0,0,0,0,0,0,0,0,0,0,4,0,0,0,0,0,0,0,0,0,0,0,0,0,0,17,0,0
C:\Users\Acer\Desktop\GroupAssignment2-OOD\Cloned\sonic-server\sonic-server-controller\src\main\java\org\cloud\sonic\controller\tools\robot\vendor\SlackNotifyImpl.java,org.cloud.sonic.controller.tools.robot.vendor.SlackNotifyImpl$SlackMessage,innerclass,0,0,0,0,4,1,0,0,2,0.5,0.33333334,0.33333334,4,0,4,0,0,0,4,0,0,0,2,0,0,2,0,0,0,0,0,16,2,0,0,0,0,0,0,2,0,2,0,0,0,0,8,8,0
C:\Users\Acer\Desktop\GroupAssignment2-OOD\Cloned\sonic-server\sonic-server-controller\src\main\java\org\cloud\sonic\controller\config\WsEndpointConfigure.java,org.cloud.sonic.controller.config.WsEndpointConfigure,class,5,7,2,5,2,2,0,1,0,0.0,0.0,0.0,2,0,2,0,0,0,2,0,0,0,1,1,0,1,0,0,0,0,0,9,1,0,0,0,0,0,0,1,0,1,0,0,0,0,17,1,0
C:\Users\Acer\Desktop\GroupAssignment2-OOD\Cloned\sonic-server\sonic-server-controller\src\main\java\org\cloud\sonic\controller\services\AgentsService.java,org.cloud.sonic.controller.services.AgentsService,interface,3,10,7,3,10,1,0,0,45,0.0,0.0,0.0,10,0,0,0,0,10,10,0,0,0,0,0,0,0,0,0,0,0,0,12,0,0,0,0,0,0,0,0,0,0,0,0,0,0,31,1,0
C:\Users\Acer\Desktop\GroupAssignment2-OOD\Cloned\sonic-server\sonic-server-controller\src\main\java\org\cloud\sonic\controller\mapper\DevicesMapper.java,org.cloud.sonic.controller.mapper.DevicesMapper,interface,5,7,2,5,3,1,0,0,3,0.0,0.0,0.0,3,0,0,0,0,3,3,0,0,0,0,0,0,0,0,0,0,0,0,5,0,0,0,0,0,7,0,0,1,0,0,0,0,0,26,1,0
C:\Users\Acer\Desktop\GroupAssignment2-OOD\Cloned\sonic-server\sonic-server-controller\src\main\java\org\cloud\sonic\controller\models\domain\Devices.java,org.cloud.sonic.controller.models.domain.Devices,class,18,31,13,18,1,1,0,19,0,0.95238096,NaN,NaN,1,1,1,0,0,0,1,0,0,0,21,0,0,16,0,5,0,0,0,27,1,0,0,0,0,57,7,1,0,22,0,0,0,0,43,1,0
C:\Users\Acer\Desktop\GroupAssignment2-OOD\Cloned\sonic-server\sonic-server-controller\src\main\java\org\cloud\sonic\controller\models\dto\ElementsDTO.java,org.cloud.sonic.controller.models.dto.ElementsDTO,class,15,22,7,15,0,1,0,0,0,NaN,-1.0,-1.0,0,0,0,0,0,0,0,0,0,0,9,0,0,0,0,9,0,0,0,11,0,0,0,0,0,15,0,0,0,9,0,0,0,0,22,1,0
C:\Users\Acer\Desktop\GroupAssignment2-OOD\Cloned\sonic-server\sonic-server-controller\src\main\java\org\cloud\sonic\controller\config\mybatis\ActableConfig.java,org.cloud.sonic.controller.config.mybatis.ActableConfig,class,5,5,0,5,1,1,0,1,0,0.0,NaN,NaN,1,0,1,0,0,0,1,0,0,0,1,0,0,1,0,0,0,0,0,6,0,0,0,0,0,0,1,0,0,1,0,0,0,0,7,1,0
C:\Users\Acer\Desktop\GroupAssignment2-OOD\Cloned\sonic-server\sonic-server-controller\src\main\java\org\cloud\sonic\controller\mapper\TestSuitesTestCasesMapper.java,org.cloud.sonic.controller.mapper.TestSuitesTestCasesMapper,interface,5,7,2,5,1,1,0,0,0,0.0,NaN,NaN,1,0,0,0,0,1,1,0,0,0,0,0,0,0,0,0,0,0,0,3,0,0,0,0,0,2,0,0,0,0,0,0,0,0,20,1,0
C:\Users\Acer\Desktop\GroupAssignment2-OOD\Cloned\sonic-server\sonic-server-controller\src\main\java\org\cloud\sonic\controller\models\interfaces\PlatformType.java,org.cloud.sonic.controller.models.interfaces.PlatformType,interface,0,0,0,0,0,1,0,0,0,NaN,-1.0,-1.0,0,0,0,0,0,0,0,0,0,0,5,0,0,0,0,5,0,0,0,7,0,0,0,0,0,0,5,5,0,5,0,0,0,0,17,1,0
C:\Users\Acer\Desktop\GroupAssignment2-OOD\Cloned\sonic-server\sonic-server-controller\src\main\java\org\cloud\sonic\controller\controller\RolesController.java,org.cloud.sonic.controller.controller.RolesController,class,19,19,0,19,5,1,0,7,0,0.0,1.0,1.0,4,0,4,0,0,0,4,0,0,0,1,0,0,1,0,0,0,0,4,23,4,0,0,0,0,35,4,2,0,3,1,0,0,0,27,1,0
C:\Users\Acer\Desktop\GroupAssignment2-OOD\Cloned\sonic-server\sonic-server-controller\src\test\java\org\cloud\sonic\controller\tools\RobotMsgToolTest.java,org.cloud.sonic.controller.tools.RobotMsgToolTest,class,7,7,0,7,20,1,0,4,0,0.6666667,1.0,1.0,20,0,20,0,0,0,20,0,0,0,6,0,0,6,0,0,0,0,0,68,0,0,0,0,0,63,74,5,0,6,0,0,0,0,57,1,0
C:\Users\Acer\Desktop\GroupAssignment2-OOD\Cloned\sonic-server\sonic-server-controller\src\main\java\org\cloud\sonic\controller\models\domain\ResultDetail.java,org.cloud.sonic.controller.models.domain.ResultDetail,class,19,25,6,19,0,1,0,0,0,NaN,-1.0,-1.0,0,0,0,0,0,0,0,0,0,0,9,0,0,9,0,0,0,0,0,11,0,0,0,0,0,31,0,0,0,9,0,0,0,0,26,1,0
C:\Users\Acer\Desktop\GroupAssignment2-OOD\Cloned\sonic-server\sonic-server-controller\src\main\java\org\cloud\sonic\controller\models\dto\ModulesDTO.java,org.cloud.sonic.controller.models.dto.ModulesDTO,class,11,16,5,11,0,1,0,0,0,NaN,-1.0,-1.0,0,0,0,0,0,0,0,0,0,0,3,0,0,0,0,3,0,0,0,5,0,0,0,0,0,7,0,0,0,3,0,0,0,0,12,1,0
C:\Users\Acer\Desktop\GroupAssignment2-OOD\Cloned\sonic-server\sonic-server-controller\src\main\java\org\cloud\sonic\controller\services\DevicesService.java,org.cloud.sonic.controller.services.DevicesService,interface,8,14,6,8,19,1,0,0,171,0.0,0.0,0.0,19,0,0,0,0,19,19,0,0,0,0,0,0,0,0,0,0,0,0,21,0,0,0,0,0,0,0,0,0,0,0,0,0,0,57,1,0
C:\Users\Acer\Desktop\GroupAssignment2-OOD\Cloned\sonic-server\sonic-server-controller\src\main\java\org\cloud\sonic\controller\services\impl\TestSuitesServiceImpl.java,org.cloud.sonic.controller.services.impl.TestSuitesServiceImpl$CaseCoverHandler,innerclass,10,10,0,10,4,1,0,14,1,0.5,0.0,0.0,2,0,2,0,0,0,2,0,0,0,1,0,0,1,0,0,0,0,0,19,1,2,0,0,0,0,1,7,0,6,2,0,0,0,36,0,0
C:\Users\Acer\Desktop\GroupAssignment2-OOD\Cloned\sonic-server\sonic-server-controller\src\main\java\org\cloud\sonic\controller\models\domain\GlobalParams.java,org.cloud.sonic.controller.models.domain.GlobalParams,class,18,26,8,18,0,1,0,0,0,NaN,-1.0,-1.0,0,0,0,0,0,0,0,0,0,0,4,0,0,4,0,0,0,0,0,6,0,0,0,0,0,13,0,0,0,4,0,0,0,0,16,1,0
C:\Users\Acer\Desktop\GroupAssignment2-OOD\Cloned\sonic-server\sonic-server-controller\src\main\java\org\cloud\sonic\controller\tools\RobotMsgTool.java,org.cloud.sonic.controller.tools.RobotMsgTool,class,5,8,3,5,4,1,0,5,0,0.0,1.0,1.0,4,0,4,0,0,0,4,0,0,0,2,0,0,2,0,0,0,0,0,20,0,0,0,0,0,0,0,4,0,6,0,0,0,0,33,1,0
C:\Users\Acer\Desktop\GroupAssignment2-OOD\Cloned\sonic-server\sonic-server-controller\src\main\java\org\cloud\sonic\controller\config\RestTempConfig.java,org.cloud.sonic.controller.config.RestTempConfig,class,5,5,0,5,2,1,0,2,1,0.0,0.0,0.0,2,0,2,0,0,0,2,0,0,0,0,0,0,0,0,0,0,0,0,11,2,0,0,0,0,0,2,1,0,1,0,0,0,0,15,1,0
C:\Users\Acer\Desktop\GroupAssignment2-OOD\Cloned\sonic-server\sonic-server-controller\src\main\java\org\cloud\sonic\controller\mapper\TestCasesMapper.java,org.cloud.sonic.controller.mapper.TestCasesMapper,interface,5,7,2,5,1,1,0,0,0,0.0,NaN,NaN,1,0,0,0,0,1,1,0,0,0,0,0,0,0,0,0,0,0,0,3,0,0,0,0,0,5,0,0,1,0,0,0,0,0,20,1,0
C:\Users\Acer\Desktop\GroupAssignment2-OOD\Cloned\sonic-server\sonic-server-controller\src\main\java\org\cloud\sonic\controller\tools\robot\vendor\DingTalkImpl.java,org.cloud.sonic.controller.tools.robot.vendor.DingTalkImpl,class,9,11,2,9,16,1,0,18,0,0.65,0.5,0.5,5,0,4,1,0,0,4,0,0,0,4,0,0,4,0,0,0,0,3,107,0,0,5,1,6,115,17,27,32,25,2,0,0,0,84,1,2
C:\Users\Acer\Desktop\GroupAssignment2-OOD\Cloned\sonic-server\sonic-server-controller\src\main\java\org\cloud\sonic\controller\controller\ModulesController.java,org.cloud.sonic.controller.controller.ModulesController,class,18,18,0,18,6,1,0,10,0,0.0,1.0,1.0,4,0,4,0,0,0,4,0,0,0,1,0,0,1,0,0,0,0,1,27,6,0,1,0,0,20,0,1,0,2,1,0,0,0,18,1,0
C:\Users\Acer\Desktop\GroupAssignment2-OOD\Cloned\sonic-server\sonic-server-controller\src\main\java\org\cloud\sonic\controller\mapper\RolesMapper.java,org.cloud.sonic.controller.mapper.RolesMapper,interface,2,3,1,2,0,1,0,0,0,0.0,-1.0,-1.0,0,0,0,0,0,0,0,0,0,0,0,0,0,0,0,0,0,0,0,2,0,0,0,0,0,0,0,0,0,0,0,0,0,0,3,1,0
C:\Users\Acer\Desktop\GroupAssignment2-OOD\Cloned\sonic-server\sonic-server-controller\src\main\java\org\cloud\sonic\controller\mapper\RoleResourcesMapper.java,org.cloud.sonic.controller.mapper.RoleResourcesMapper,interface,4,6,2,4,1,1,0,0,0,0.0,NaN,NaN,1,0,0,0,0,1,1,0,0,0,0,0,0,0,0,0,0,0,0,3,0,0,0,0,0,6,0,0,1,0,0,0,0,0,24,1,0
C:\Users\Acer\Desktop\GroupAssignment2-OOD\Cloned\sonic-server\sonic-server-controller\src\main\java\org\cloud\sonic\controller\config\SpringDocConfig.java,org.cloud.sonic.controller.config.SpringDocConfig,class,7,7,0,7,1,1,0,10,0,0.0,NaN,NaN,1,0,1,0,0,0,1,0,0,0,1,0,0,1,0,0,0,0,0,6,1,0,0,0,0,8,0,0,0,1,0,0,0,0,26,1,0
C:\Users\Acer\Desktop\GroupAssignment2-OOD\Cloned\sonic-server\sonic-server-controller\src\test\java\org\cloud\sonic\controller\service\impl\AgentsServiceImplTest.java,org.cloud.sonic.controller.service.impl.AgentsServiceImplTest,class,8,8,0,8,2,1,0,25,0,0.0,1.0,1.0,2,0,2,0,0,0,2,0,0,0,2,0,0,2,0,0,0,0,1,23,0,0,0,0,0,13,13,10,0,12,0,0,0,0,19,1,0
C:\Users\Acer\Desktop\GroupAssignment2-OOD\Cloned\sonic-server\sonic-server-gateway\src\main\java\org\cloud\sonic\gateway\config\AuthFilter.java,org.cloud.sonic.gateway.config.AuthFilter,class,14,15,1,14,7,1,0,18,3,0.6666667,0.0,0.0,3,0,2,1,0,0,2,0,0,0,2,0,0,2,0,0,0,0,0,30,6,1,1,0,0,4,1,5,0,7,2,0,0,0,42,1,0
C:\Users\Acer\Desktop\GroupAssignment2-OOD\Cloned\sonic-server\sonic-server-controller\src\main\java\org\cloud\sonic\controller\models\domain\PublicStepsSteps.java,org.cloud.sonic.controller.models.domain.PublicStepsSteps,class,15,18,3,15,0,1,0,0,0,NaN,-1.0,-1.0,0,0,0,0,0,0,0,0,0,0,2,0,0,2,0,0,0,0,0,4,0,0,0,0,0,8,0,0,0,2,0,0,0,0,13,1,0
C:\Users\Acer\Desktop\GroupAssignment2-OOD\Cloned\sonic-server\sonic-server-controller\src\main\java\org\cloud\sonic\controller\models\params\ResourceParam.java,org.cloud.sonic.controller.models.params.ResourceParam,class,7,8,1,7,0,1,0,0,0,NaN,-1.0,-1.0,0,0,0,0,0,0,0,0,0,0,2,0,0,2,0,0,0,0,0,4,0,0,0,0,0,2,0,0,0,2,0,0,0,0,11,1,0
C:\Users\Acer\Desktop\GroupAssignment2-OOD\Cloned\sonic-server\sonic-server-controller\src\main\java\org\cloud\sonic\controller\controller\StepsController.java,org.cloud.sonic.controller.controller.StepsController,class,22,22,0,22,15,1,0,11,0,0.5,0.8181818,0.8181818,11,0,11,0,0,0,11,0,0,0,2,0,0,2,0,0,0,0,0,62,15,0,1,0,0,83,0,2,0,4,1,0,0,0,43,1,0
